2026-09-24 13:47:05 INFO  o.h.v.i.u.Version --- HV000001: Hibernate Validator 9.1.3.Final
2026-09-24 13:47:05 INFO  c.t.f.FinsightApplication --- Starting FinsightApplication using Java 21.0.12.1 with PID 35216 (/home/abdul-rahman/Project/finsight/target/classes started by abdul-rahman in /home/abdul-rahman/Project/finsight)
2026-09-24 13:47:05 DEBUG c.t.f.FinsightApplication --- Running with Spring Boot v4.1.1, Spring v7.0.9
2026-09-24 13:47:05 INFO  c.t.f.FinsightApplication --- No active profile set, falling back to 1 default profile: "default"
2026-09-24 13:47:06 INFO  o.s.b.d.e.DevToolsPropertyDefaultsPostProcessor --- Devtools property defaults active! Set 'spring.devtools.add-properties' to 'false' to disable
2026-09-24 13:47:06 INFO  o.s.b.d.e.DevToolsPropertyDefaultsPostProcessor --- For additional web related logging consider setting the 'logging.level.web' property to 'DEBUG'
2026-09-24 13:47:06 INFO  o.s.d.r.c.RepositoryConfigurationDelegate --- Bootstrapping Spring Data JPA repositories in DEFAULT mode.
2026-09-24 13:47:06 INFO  o.s.d.r.c.RepositoryConfigurationDelegate --- Finished Spring Data repository scanning in 49 ms. Found 5 JPA repository interfaces.
2026-09-24 13:47:07 INFO  o.s.b.t.TomcatWebServer --- Tomcat initialized with port 8080 (http)
2026-09-24 13:47:07 INFO  o.a.c.h.Http11NioProtocol --- Initializing ProtocolHandler ["http-nio-8080"]
2026-09-24 13:47:07 INFO  o.a.c.c.StandardService --- Starting service [Tomcat]
2026-09-24 13:47:07 INFO  o.a.c.c.StandardEngine --- Starting Servlet engine: [Apache Tomcat/11.0.24]
2026-09-24 13:47:07 INFO  o.s.b.w.c.s.WebApplicationContextInitializer --- Root WebApplicationContext: initialization completed in 1361 ms
2026-09-24 13:47:07 INFO  o.h.o.jpa --- HHH008540: Processing PersistenceUnitInfo [name: default]
2026-09-24 13:47:07 INFO  o.h.o.core --- HHH000001: Hibernate ORM core version 7.4.5.Final
2026-09-24 13:47:07 INFO  o.s.o.j.p.SpringPersistenceUnitInfo --- No LoadTimeWeaver setup: ignoring JPA class transformer
2026-09-24 13:47:08 INFO  c.z.h.HikariDataSource --- HikariPool-1 - Starting...
2026-09-24 13:47:08 INFO  c.z.h.p.HikariPool --- HikariPool-1 - Added connection org.postgresql.jdbc.PgConnection@5f209e1d
2026-09-24 13:47:08 INFO  c.z.h.HikariDataSource --- HikariPool-1 - Start completed.
2026-09-24 13:47:08 INFO  o.h.o.c.pooling --- HHH10001005: Database info:
	Database JDBC URL [jdbc:postgresql://localhost:5432/finsight]
	Database driver: PostgreSQL JDBC Driver
	Database dialect: PostgreSQLDialect
	Database version: 18.6
	Default catalog/schema: finsight/public
	Autocommit mode: undefined/unknown
	Isolation level: READ_COMMITTED [default READ_COMMITTED]
	JDBC fetch size: none
	Pool: DataSourceConnectionProvider
	Minimum pool size: undefined/unknown
	Maximum pool size: undefined/unknown
2026-09-24 13:47:09 INFO  o.h.o.core --- HHH000489: No JTA platform available (set 'hibernate.transaction.jta.platform' to enable JTA platform integration)
2026-09-24 13:47:09 INFO  o.s.o.j.LocalContainerEntityManagerFactoryBean --- Initialized JPA EntityManagerFactory for persistence unit 'default'
2026-09-24 13:47:09 INFO  o.s.d.j.r.q.QueryEnhancerFactories --- Hibernate is in classpath; If applicable, HQL parser will be used.
2026-09-24 13:47:10 WARN  o.s.b.j.a.JpaBaseConfiguration$JpaWebConfiguration --- spring.jpa.open-in-view is enabled by default. Therefore, database queries may be performed during view rendering. Explicitly configure spring.jpa.open-in-view to disable this warning
2026-09-24 13:47:10 DEBUG c.t.f.s.f.JwtAuthFilter --- Filter 'jwtAuthFilter' configured for use
2026-09-24 13:47:10 INFO  o.s.s.c.a.a.c.InitializeUserDetailsBeanManagerConfigurer$InitializeUserDetailsManagerConfigurer --- Global AuthenticationManager configured with UserDetailsService bean with name userService
2026-09-24 13:47:10 INFO  o.a.c.h.Http11NioProtocol --- Starting ProtocolHandler ["http-nio-8080"]
2026-09-24 13:47:10 INFO  o.s.b.t.TomcatWebServer --- Tomcat started on port 8080 (http) with context path '/'
2026-09-24 13:47:10 INFO  c.t.f.FinsightApplication --- Started FinsightApplication in 5.493 seconds (process running for 6.325)
2026-09-24 14:08:37 INFO  o.a.c.c.C.[.[.[/] --- Initializing Spring DispatcherServlet 'dispatcherServlet'
2026-09-24 14:08:37 INFO  o.s.w.s.DispatcherServlet --- Initializing Servlet 'dispatcherServlet'
2026-09-24 14:08:37 INFO  o.s.w.s.DispatcherServlet --- Completed initialization in 1 ms
2026-09-24 14:08:38 INFO  c.t.f.s.s.AuthService --- Trying to sign up
2026-09-24 14:08:39 INFO  c.t.f.s.s.AuthService --- Sign up Success
2026-09-24 14:23:41 INFO  o.s.b.t.GracefulShutdown --- Commencing graceful shutdown. Waiting for active requests to complete
2026-09-24 14:23:41 INFO  o.s.b.t.GracefulShutdown --- Graceful shutdown complete
2026-09-24 14:23:41 INFO  o.s.o.j.LocalContainerEntityManagerFactoryBean --- Closing JPA EntityManagerFactory for persistence unit 'default'
2026-09-24 14:23:41 INFO  c.z.h.HikariDataSource --- HikariPool-1 - Shutdown initiated...
2026-09-24 14:23:41 INFO  c.z.h.HikariDataSource --- HikariPool-1 - Shutdown completed.
2026-09-24 14:57:39 INFO  o.h.v.i.u.Version --- HV000001: Hibernate Validator 9.1.3.Final
2026-09-24 14:57:39 INFO  c.t.f.FinsightApplication --- Starting FinsightApplication using Java 21.0.12.1 with PID 41643 (/home/abdul-rahman/Project/finsight/target/classes started by abdul-rahman in /home/abdul-rahman/Project/finsight)
2026-09-24 14:57:39 DEBUG c.t.f.FinsightApplication --- Running with Spring Boot v4.1.1, Spring v7.0.9
2026-09-24 14:57:39 INFO  c.t.f.FinsightApplication --- No active profile set, falling back to 1 default profile: "default"
2026-09-24 14:57:39 INFO  o.s.b.d.e.DevToolsPropertyDefaultsPostProcessor --- Devtools property defaults active! Set 'spring.devtools.add-properties' to 'false' to disable
2026-09-24 14:57:39 INFO  o.s.b.d.e.DevToolsPropertyDefaultsPostProcessor --- For additional web related logging consider setting the 'logging.level.web' property to 'DEBUG'
2026-09-24 14:57:40 INFO  o.s.d.r.c.RepositoryConfigurationDelegate --- Bootstrapping Spring Data JPA repositories in DEFAULT mode.
2026-09-24 14:57:40 INFO  o.s.d.r.c.RepositoryConfigurationDelegate --- Finished Spring Data repository scanning in 39 ms. Found 5 JPA repository interfaces.
2026-09-24 14:57:41 INFO  o.s.b.t.TomcatWebServer --- Tomcat initialized with port 8080 (http)
2026-09-24 14:57:41 INFO  o.a.c.h.Http11NioProtocol --- Initializing ProtocolHandler ["http-nio-8080"]
2026-09-24 14:57:41 INFO  o.a.c.c.StandardService --- Starting service [Tomcat]
2026-09-24 14:57:41 INFO  o.a.c.c.StandardEngine --- Starting Servlet engine: [Apache Tomcat/11.0.24]
2026-09-24 14:57:41 INFO  o.s.b.w.c.s.WebApplicationContextInitializer --- Root WebApplicationContext: initialization completed in 1344 ms
2026-09-24 14:57:41 INFO  o.h.o.jpa --- HHH008540: Processing PersistenceUnitInfo [name: default]
2026-09-24 14:57:41 INFO  o.h.o.core --- HHH000001: Hibernate ORM core version 7.4.5.Final
2026-09-24 14:57:41 INFO  o.s.o.j.p.SpringPersistenceUnitInfo --- No LoadTimeWeaver setup: ignoring JPA class transformer
2026-09-24 14:57:41 INFO  c.z.h.HikariDataSource --- HikariPool-1 - Starting...
2026-09-24 14:57:41 INFO  c.z.h.p.HikariPool --- HikariPool-1 - Added connection org.postgresql.jdbc.PgConnection@5b45ba85
2026-09-24 14:57:41 INFO  c.z.h.HikariDataSource --- HikariPool-1 - Start completed.
2026-09-24 14:57:41 INFO  o.h.o.c.pooling --- HHH10001005: Database info:
	Database JDBC URL [jdbc:postgresql://localhost:5432/finsight]
	Database driver: PostgreSQL JDBC Driver
	Database dialect: PostgreSQLDialect
	Database version: 18.6
	Default catalog/schema: finsight/public
	Autocommit mode: undefined/unknown
	Isolation level: READ_COMMITTED [default READ_COMMITTED]
	JDBC fetch size: none
	Pool: DataSourceConnectionProvider
	Minimum pool size: undefined/unknown
	Maximum pool size: undefined/unknown
2026-09-24 14:57:42 INFO  o.h.o.core --- HHH000489: No JTA platform available (set 'hibernate.transaction.jta.platform' to enable JTA platform integration)
2026-09-24 14:57:42 INFO  o.s.o.j.LocalContainerEntityManagerFactoryBean --- Initialized JPA EntityManagerFactory for persistence unit 'default'
2026-09-24 14:57:42 INFO  o.s.d.j.r.q.QueryEnhancerFactories --- Hibernate is in classpath; If applicable, HQL parser will be used.
2026-09-24 14:57:43 WARN  o.s.b.j.a.JpaBaseConfiguration$JpaWebConfiguration --- spring.jpa.open-in-view is enabled by default. Therefore, database queries may be performed during view rendering. Explicitly configure spring.jpa.open-in-view to disable this warning
2026-09-24 14:57:43 DEBUG c.t.f.s.f.JwtAuthFilter --- Filter 'jwtAuthFilter' configured for use
2026-09-24 14:57:43 INFO  o.s.s.c.a.a.c.InitializeUserDetailsBeanManagerConfigurer$InitializeUserDetailsManagerConfigurer --- Global AuthenticationManager configured with UserDetailsService bean with name userService
2026-09-24 14:57:43 INFO  o.a.c.h.Http11NioProtocol --- Starting ProtocolHandler ["http-nio-8080"]
2026-09-24 14:57:43 INFO  o.s.b.t.TomcatWebServer --- Tomcat started on port 8080 (http) with context path '/'
2026-09-24 14:57:43 INFO  c.t.f.FinsightApplication --- Started FinsightApplication in 4.641 seconds (process running for 5.39)
2026-09-24 14:57:58 INFO  o.a.c.c.C.[.[.[/] --- Initializing Spring DispatcherServlet 'dispatcherServlet'
2026-09-24 14:57:58 INFO  o.s.w.s.DispatcherServlet --- Initializing Servlet 'dispatcherServlet'
2026-09-24 14:57:58 INFO  o.s.w.s.DispatcherServlet --- Completed initialization in 1 ms
2026-09-24 14:57:59 INFO  c.t.f.s.s.AuthService --- Login Success
2026-09-24 14:59:28 WARN  o.s.w.s.m.m.a.ExceptionHandlerExceptionResolver --- Resolved [org.springframework.web.method.annotation.MethodArgumentTypeMismatchException: Method parameter 'date': Failed to convert value of type 'java.lang.String' to required type 'java.time.LocalDateTime'; Failed to convert from type [java.lang.String] to type [@org.springframework.web.bind.annotation.RequestParam java.time.LocalDateTime] for value [2026-09-22]]
2026-09-24 15:00:51 INFO  o.s.b.t.GracefulShutdown --- Commencing graceful shutdown. Waiting for active requests to complete
2026-09-24 15:00:51 INFO  o.s.b.t.GracefulShutdown --- Graceful shutdown complete
2026-09-24 15:00:51 INFO  o.s.o.j.LocalContainerEntityManagerFactoryBean --- Closing JPA EntityManagerFactory for persistence unit 'default'
2026-09-24 15:00:51 INFO  c.z.h.HikariDataSource --- HikariPool-1 - Shutdown initiated...
2026-09-24 15:00:51 INFO  c.z.h.HikariDataSource --- HikariPool-1 - Shutdown completed.
2026-09-24 15:00:53 INFO  o.h.v.i.u.Version --- HV000001: Hibernate Validator 9.1.3.Final
2026-09-24 15:00:53 INFO  c.t.f.FinsightApplication --- Starting FinsightApplication using Java 21.0.12.1 with PID 42157 (/home/abdul-rahman/Project/finsight/target/classes started by abdul-rahman in /home/abdul-rahman/Project/finsight)
2026-09-24 15:00:53 DEBUG c.t.f.FinsightApplication --- Running with Spring Boot v4.1.1, Spring v7.0.9
2026-09-24 15:00:53 INFO  c.t.f.FinsightApplication --- No active profile set, falling back to 1 default profile: "default"
2026-09-24 15:00:53 INFO  o.s.b.d.e.DevToolsPropertyDefaultsPostProcessor --- Devtools property defaults active! Set 'spring.devtools.add-properties' to 'false' to disable
2026-09-24 15:00:53 INFO  o.s.b.d.e.DevToolsPropertyDefaultsPostProcessor --- For additional web related logging consider setting the 'logging.level.web' property to 'DEBUG'
2026-09-24 15:00:54 INFO  o.s.d.r.c.RepositoryConfigurationDelegate --- Bootstrapping Spring Data JPA repositories in DEFAULT mode.
2026-09-24 15:00:54 INFO  o.s.d.r.c.RepositoryConfigurationDelegate --- Finished Spring Data repository scanning in 39 ms. Found 5 JPA repository interfaces.
2026-09-24 15:00:54 INFO  o.s.b.t.TomcatWebServer --- Tomcat initialized with port 8080 (http)
2026-09-24 15:00:54 INFO  o.a.c.h.Http11NioProtocol --- Initializing ProtocolHandler ["http-nio-8080"]
2026-09-24 15:00:54 INFO  o.a.c.c.StandardService --- Starting service [Tomcat]
2026-09-24 15:00:54 INFO  o.a.c.c.StandardEngine --- Starting Servlet engine: [Apache Tomcat/11.0.24]
2026-09-24 15:00:54 INFO  o.s.b.w.c.s.WebApplicationContextInitializer --- Root WebApplicationContext: initialization completed in 1015 ms
2026-09-24 15:00:54 INFO  o.h.o.jpa --- HHH008540: Processing PersistenceUnitInfo [name: default]
2026-09-24 15:00:54 INFO  o.h.o.core --- HHH000001: Hibernate ORM core version 7.4.5.Final
2026-09-24 15:00:55 INFO  o.s.o.j.p.SpringPersistenceUnitInfo --- No LoadTimeWeaver setup: ignoring JPA class transformer
2026-09-24 15:00:55 INFO  c.z.h.HikariDataSource --- HikariPool-1 - Starting...
2026-09-24 15:00:55 INFO  c.z.h.p.HikariPool --- HikariPool-1 - Added connection org.postgresql.jdbc.PgConnection@1659543a
2026-09-24 15:00:55 INFO  c.z.h.HikariDataSource --- HikariPool-1 - Start completed.
2026-09-24 15:00:55 INFO  o.h.o.c.pooling --- HHH10001005: Database info:
	Database JDBC URL [jdbc:postgresql://localhost:5432/finsight]
	Database driver: PostgreSQL JDBC Driver
	Database dialect: PostgreSQLDialect
	Database version: 18.6
	Default catalog/schema: finsight/public
	Autocommit mode: undefined/unknown
	Isolation level: READ_COMMITTED [default READ_COMMITTED]
	JDBC fetch size: none
	Pool: DataSourceConnectionProvider
	Minimum pool size: undefined/unknown
	Maximum pool size: undefined/unknown
2026-09-24 15:00:56 INFO  o.h.o.core --- HHH000489: No JTA platform available (set 'hibernate.transaction.jta.platform' to enable JTA platform integration)
2026-09-24 15:00:56 INFO  o.s.o.j.LocalContainerEntityManagerFactoryBean --- Initialized JPA EntityManagerFactory for persistence unit 'default'
2026-09-24 15:00:56 INFO  o.s.d.j.r.q.QueryEnhancerFactories --- Hibernate is in classpath; If applicable, HQL parser will be used.
2026-09-24 15:00:56 WARN  o.s.b.j.a.JpaBaseConfiguration$JpaWebConfiguration --- spring.jpa.open-in-view is enabled by default. Therefore, database queries may be performed during view rendering. Explicitly configure spring.jpa.open-in-view to disable this warning
2026-09-24 15:00:56 DEBUG c.t.f.s.f.JwtAuthFilter --- Filter 'jwtAuthFilter' configured for use
2026-09-24 15:00:56 INFO  o.s.s.c.a.a.c.InitializeUserDetailsBeanManagerConfigurer$InitializeUserDetailsManagerConfigurer --- Global AuthenticationManager configured with UserDetailsService bean with name userService
2026-09-24 15:00:57 INFO  o.a.c.h.Http11NioProtocol --- Starting ProtocolHandler ["http-nio-8080"]
2026-09-24 15:00:57 INFO  o.s.b.t.TomcatWebServer --- Tomcat started on port 8080 (http) with context path '/'
2026-09-24 15:00:57 INFO  c.t.f.FinsightApplication --- Started FinsightApplication in 3.728 seconds (process running for 4.09)
2026-09-24 15:01:10 INFO  o.a.c.c.C.[.[.[/] --- Initializing Spring DispatcherServlet 'dispatcherServlet'
2026-09-24 15:01:10 INFO  o.s.w.s.DispatcherServlet --- Initializing Servlet 'dispatcherServlet'
2026-09-24 15:01:10 INFO  o.s.w.s.DispatcherServlet --- Completed initialization in 1 ms
2026-09-24 15:01:10 WARN  o.s.d.w.c.SpringDataJackson3Configuration$PageModule$WarningLoggingModifier --- Serializing PageImpl instances as-is is not supported, meaning that there is no guarantee about the stability of the resulting JSON structure!
	For a stable JSON structure, please use Spring Data's PagedModel (globally via @EnableSpringDataWebSupport(pageSerializationMode = VIA_DTO))
	or Spring HATEOAS and Spring Data's PagedResourcesAssembler as documented in https://docs.spring.io/spring-data/commons/reference/repositories/core-extensions.html#core.web.pageables.

2026-09-24 15:02:38 INFO  o.s.b.t.GracefulShutdown --- Commencing graceful shutdown. Waiting for active requests to complete
2026-09-24 15:02:38 INFO  o.s.b.t.GracefulShutdown --- Graceful shutdown complete
2026-09-24 15:02:38 INFO  o.s.o.j.LocalContainerEntityManagerFactoryBean --- Closing JPA EntityManagerFactory for persistence unit 'default'
2026-09-24 15:02:38 INFO  c.z.h.HikariDataSource --- HikariPool-1 - Shutdown initiated...
2026-09-24 15:02:38 INFO  c.z.h.HikariDataSource --- HikariPool-1 - Shutdown completed.
2026-09-24 15:02:40 INFO  o.h.v.i.u.Version --- HV000001: Hibernate Validator 9.1.3.Final
2026-09-24 15:02:40 INFO  c.t.f.FinsightApplication --- Starting FinsightApplication using Java 21.0.12.1 with PID 42560 (/home/abdul-rahman/Project/finsight/target/classes started by abdul-rahman in /home/abdul-rahman/Project/finsight)
2026-09-24 15:02:40 DEBUG c.t.f.FinsightApplication --- Running with Spring Boot v4.1.1, Spring v7.0.9
2026-09-24 15:02:40 INFO  c.t.f.FinsightApplication --- No active profile set, falling back to 1 default profile: "default"
2026-09-24 15:02:40 INFO  o.s.b.d.e.DevToolsPropertyDefaultsPostProcessor --- Devtools property defaults active! Set 'spring.devtools.add-properties' to 'false' to disable
2026-09-24 15:02:40 INFO  o.s.b.d.e.DevToolsPropertyDefaultsPostProcessor --- For additional web related logging consider setting the 'logging.level.web' property to 'DEBUG'
2026-09-24 15:02:41 INFO  o.s.d.r.c.RepositoryConfigurationDelegate --- Bootstrapping Spring Data JPA repositories in DEFAULT mode.
2026-09-24 15:02:41 INFO  o.s.d.r.c.RepositoryConfigurationDelegate --- Finished Spring Data repository scanning in 38 ms. Found 5 JPA repository interfaces.
2026-09-24 15:02:41 INFO  o.s.b.t.TomcatWebServer --- Tomcat initialized with port 8080 (http)
2026-09-24 15:02:41 INFO  o.a.c.h.Http11NioProtocol --- Initializing ProtocolHandler ["http-nio-8080"]
2026-09-24 15:02:41 INFO  o.a.c.c.StandardService --- Starting service [Tomcat]
2026-09-24 15:02:41 INFO  o.a.c.c.StandardEngine --- Starting Servlet engine: [Apache Tomcat/11.0.24]
2026-09-24 15:02:41 INFO  o.s.b.w.c.s.WebApplicationContextInitializer --- Root WebApplicationContext: initialization completed in 1089 ms
2026-09-24 15:02:41 INFO  o.h.o.jpa --- HHH008540: Processing PersistenceUnitInfo [name: default]
2026-09-24 15:02:42 INFO  o.h.o.core --- HHH000001: Hibernate ORM core version 7.4.5.Final
2026-09-24 15:02:42 INFO  o.s.o.j.p.SpringPersistenceUnitInfo --- No LoadTimeWeaver setup: ignoring JPA class transformer
2026-09-24 15:02:42 INFO  c.z.h.HikariDataSource --- HikariPool-1 - Starting...
2026-09-24 15:02:42 INFO  c.z.h.p.HikariPool --- HikariPool-1 - Added connection org.postgresql.jdbc.PgConnection@1879a901
2026-09-24 15:02:42 INFO  c.z.h.HikariDataSource --- HikariPool-1 - Start completed.
2026-09-24 15:02:42 INFO  o.h.o.c.pooling --- HHH10001005: Database info:
	Database JDBC URL [jdbc:postgresql://localhost:5432/finsight]
	Database driver: PostgreSQL JDBC Driver
	Database dialect: PostgreSQLDialect
	Database version: 18.6
	Default catalog/schema: finsight/public
	Autocommit mode: undefined/unknown
	Isolation level: READ_COMMITTED [default READ_COMMITTED]
	JDBC fetch size: none
	Pool: DataSourceConnectionProvider
	Minimum pool size: undefined/unknown
	Maximum pool size: undefined/unknown
2026-09-24 15:02:43 INFO  o.h.o.core --- HHH000489: No JTA platform available (set 'hibernate.transaction.jta.platform' to enable JTA platform integration)
2026-09-24 15:02:43 INFO  o.s.o.j.LocalContainerEntityManagerFactoryBean --- Initialized JPA EntityManagerFactory for persistence unit 'default'
2026-09-24 15:02:43 INFO  o.s.d.j.r.q.QueryEnhancerFactories --- Hibernate is in classpath; If applicable, HQL parser will be used.
2026-09-24 15:02:43 WARN  o.s.b.j.a.JpaBaseConfiguration$JpaWebConfiguration --- spring.jpa.open-in-view is enabled by default. Therefore, database queries may be performed during view rendering. Explicitly configure spring.jpa.open-in-view to disable this warning
2026-09-24 15:02:43 DEBUG c.t.f.s.f.JwtAuthFilter --- Filter 'jwtAuthFilter' configured for use
2026-09-24 15:02:43 INFO  o.s.s.c.a.a.c.InitializeUserDetailsBeanManagerConfigurer$InitializeUserDetailsManagerConfigurer --- Global AuthenticationManager configured with UserDetailsService bean with name userService
2026-09-24 15:02:44 INFO  o.a.c.h.Http11NioProtocol --- Starting ProtocolHandler ["http-nio-8080"]
2026-09-24 15:02:44 INFO  o.s.b.t.TomcatWebServer --- Tomcat started on port 8080 (http) with context path '/'
2026-09-24 15:02:44 INFO  c.t.f.FinsightApplication --- Started FinsightApplication in 4.011 seconds (process running for 4.386)
2026-09-24 15:02:46 INFO  o.a.c.c.C.[.[.[/] --- Initializing Spring DispatcherServlet 'dispatcherServlet'
2026-09-24 15:02:46 INFO  o.s.w.s.DispatcherServlet --- Initializing Servlet 'dispatcherServlet'
2026-09-24 15:02:46 INFO  o.s.w.s.DispatcherServlet --- Completed initialization in 1 ms
2026-09-24 15:02:47 INFO  c.t.f.t.TransactionService --- Fetching transactions for userId: 1
2026-09-24 15:02:47 INFO  c.t.f.t.TransactionService --- Fetched transactions for userId: 1
2026-09-24 15:02:47 WARN  o.s.d.w.c.SpringDataJackson3Configuration$PageModule$WarningLoggingModifier --- Serializing PageImpl instances as-is is not supported, meaning that there is no guarantee about the stability of the resulting JSON structure!
	For a stable JSON structure, please use Spring Data's PagedModel (globally via @EnableSpringDataWebSupport(pageSerializationMode = VIA_DTO))
	or Spring HATEOAS and Spring Data's PagedResourcesAssembler as documented in https://docs.spring.io/spring-data/commons/reference/repositories/core-extensions.html#core.web.pageables.

2026-09-24 15:04:18 INFO  o.s.b.t.GracefulShutdown --- Commencing graceful shutdown. Waiting for active requests to complete
2026-09-24 15:04:18 INFO  o.s.b.t.GracefulShutdown --- Graceful shutdown complete
2026-09-24 15:04:18 INFO  o.s.o.j.LocalContainerEntityManagerFactoryBean --- Closing JPA EntityManagerFactory for persistence unit 'default'
2026-09-24 15:04:18 INFO  c.z.h.HikariDataSource --- HikariPool-1 - Shutdown initiated...
2026-09-24 15:04:18 INFO  c.z.h.HikariDataSource --- HikariPool-1 - Shutdown completed.
2026-09-24 15:04:20 INFO  o.h.v.i.u.Version --- HV000001: Hibernate Validator 9.1.3.Final
2026-09-24 15:04:20 INFO  c.t.f.FinsightApplication --- Starting FinsightApplication using Java 21.0.12.1 with PID 42841 (/home/abdul-rahman/Project/finsight/target/classes started by abdul-rahman in /home/abdul-rahman/Project/finsight)
2026-09-24 15:04:20 DEBUG c.t.f.FinsightApplication --- Running with Spring Boot v4.1.1, Spring v7.0.9
2026-09-24 15:04:20 INFO  c.t.f.FinsightApplication --- No active profile set, falling back to 1 default profile: "default"
2026-09-24 15:04:20 INFO  o.s.b.d.e.DevToolsPropertyDefaultsPostProcessor --- Devtools property defaults active! Set 'spring.devtools.add-properties' to 'false' to disable
2026-09-24 15:04:20 INFO  o.s.b.d.e.DevToolsPropertyDefaultsPostProcessor --- For additional web related logging consider setting the 'logging.level.web' property to 'DEBUG'
2026-09-24 15:04:20 INFO  o.s.d.r.c.RepositoryConfigurationDelegate --- Bootstrapping Spring Data JPA repositories in DEFAULT mode.
2026-09-24 15:04:20 INFO  o.s.d.r.c.RepositoryConfigurationDelegate --- Finished Spring Data repository scanning in 36 ms. Found 5 JPA repository interfaces.
2026-09-24 15:04:21 INFO  o.s.b.t.TomcatWebServer --- Tomcat initialized with port 8080 (http)
2026-09-24 15:04:21 INFO  o.a.c.h.Http11NioProtocol --- Initializing ProtocolHandler ["http-nio-8080"]
2026-09-24 15:04:21 INFO  o.a.c.c.StandardService --- Starting service [Tomcat]
2026-09-24 15:04:21 INFO  o.a.c.c.StandardEngine --- Starting Servlet engine: [Apache Tomcat/11.0.24]
2026-09-24 15:04:21 INFO  o.s.b.w.c.s.WebApplicationContextInitializer --- Root WebApplicationContext: initialization completed in 999 ms
2026-09-24 15:04:21 INFO  o.h.o.jpa --- HHH008540: Processing PersistenceUnitInfo [name: default]
2026-09-24 15:04:21 INFO  o.h.o.core --- HHH000001: Hibernate ORM core version 7.4.5.Final
2026-09-24 15:04:21 INFO  o.s.o.j.p.SpringPersistenceUnitInfo --- No LoadTimeWeaver setup: ignoring JPA class transformer
2026-09-24 15:04:21 INFO  c.z.h.HikariDataSource --- HikariPool-1 - Starting...
2026-09-24 15:04:21 INFO  c.z.h.p.HikariPool --- HikariPool-1 - Added connection org.postgresql.jdbc.PgConnection@1ec2ae27
2026-09-24 15:04:21 INFO  c.z.h.HikariDataSource --- HikariPool-1 - Start completed.
2026-09-24 15:04:21 INFO  o.h.o.c.pooling --- HHH10001005: Database info:
	Database JDBC URL [jdbc:postgresql://localhost:5432/finsight]
	Database driver: PostgreSQL JDBC Driver
	Database dialect: PostgreSQLDialect
	Database version: 18.6
	Default catalog/schema: finsight/public
	Autocommit mode: undefined/unknown
	Isolation level: READ_COMMITTED [default READ_COMMITTED]
	JDBC fetch size: none
	Pool: DataSourceConnectionProvider
	Minimum pool size: undefined/unknown
	Maximum pool size: undefined/unknown
2026-09-24 15:04:22 INFO  o.h.o.core --- HHH000489: No JTA platform available (set 'hibernate.transaction.jta.platform' to enable JTA platform integration)
2026-09-24 15:04:22 INFO  o.s.o.j.LocalContainerEntityManagerFactoryBean --- Initialized JPA EntityManagerFactory for persistence unit 'default'
2026-09-24 15:04:22 INFO  o.s.d.j.r.q.QueryEnhancerFactories --- Hibernate is in classpath; If applicable, HQL parser will be used.
2026-09-24 15:04:23 WARN  o.s.b.j.a.JpaBaseConfiguration$JpaWebConfiguration --- spring.jpa.open-in-view is enabled by default. Therefore, database queries may be performed during view rendering. Explicitly configure spring.jpa.open-in-view to disable this warning
2026-09-24 15:04:23 DEBUG c.t.f.s.f.JwtAuthFilter --- Filter 'jwtAuthFilter' configured for use
2026-09-24 15:04:23 INFO  o.s.s.c.a.a.c.InitializeUserDetailsBeanManagerConfigurer$InitializeUserDetailsManagerConfigurer --- Global AuthenticationManager configured with UserDetailsService bean with name userService
2026-09-24 15:04:23 INFO  o.a.c.h.Http11NioProtocol --- Starting ProtocolHandler ["http-nio-8080"]
2026-09-24 15:04:23 INFO  o.s.b.t.TomcatWebServer --- Tomcat started on port 8080 (http) with context path '/'
2026-09-24 15:04:23 INFO  c.t.f.FinsightApplication --- Started FinsightApplication in 4.0 seconds (process running for 4.382)
2026-09-24 15:04:27 INFO  o.a.c.c.C.[.[.[/] --- Initializing Spring DispatcherServlet 'dispatcherServlet'
2026-09-24 15:04:27 INFO  o.s.w.s.DispatcherServlet --- Initializing Servlet 'dispatcherServlet'
2026-09-24 15:04:27 INFO  o.s.w.s.DispatcherServlet --- Completed initialization in 1 ms
2026-09-24 15:04:27 DEBUG o.h.SQL --- select u1_0.id,u1_0.base_currency,u1_0.created_at,u1_0.email,u1_0.is_active,u1_0.name,u1_0.password,u1_0.role,u1_0.total_balance,u1_0.updated_at from users u1_0 where u1_0.id=?
2026-09-24 15:04:27 TRACE o.h.o.j.bind --- binding parameter (1:BIGINT) <- [1]
2026-09-24 15:04:27 INFO  c.t.f.t.TransactionService --- Fetching transactions for userId: 1
2026-09-24 15:04:27 INFO  c.t.f.t.TransactionService --- Fetched transactions for userId: 1
2026-09-24 15:04:27 DEBUG o.h.SQL --- select t1_0.id,t1_0.amount,t1_0.category_id,t1_0.description,t1_0.transaction_date,t1_0.transaction_type,t1_0.user_id from transaction t1_0 where t1_0.user_id=? and 1=1 and 1=1 and 1=1 and t1_0.transaction_date=? and 1=1 and 1=1 order by t1_0.transaction_date desc offset ? rows fetch first ? rows only
2026-09-24 15:04:27 TRACE o.h.o.j.bind --- binding parameter (1:BIGINT) <- [1]
2026-09-24 15:04:27 TRACE o.h.o.j.bind --- binding parameter (2:TIMESTAMP) <- [2026-09-01T00:00]
2026-09-24 15:04:27 TRACE o.h.o.j.bind --- binding parameter (3:INTEGER) <- [0]
2026-09-24 15:04:27 TRACE o.h.o.j.bind --- binding parameter (4:INTEGER) <- [5]
2026-09-24 15:04:27 WARN  o.s.d.w.c.SpringDataJackson3Configuration$PageModule$WarningLoggingModifier --- Serializing PageImpl instances as-is is not supported, meaning that there is no guarantee about the stability of the resulting JSON structure!
	For a stable JSON structure, please use Spring Data's PagedModel (globally via @EnableSpringDataWebSupport(pageSerializationMode = VIA_DTO))
	or Spring HATEOAS and Spring Data's PagedResourcesAssembler as documented in https://docs.spring.io/spring-data/commons/reference/repositories/core-extensions.html#core.web.pageables.

2026-09-24 15:08:01 WARN  o.s.w.s.m.m.a.ExceptionHandlerExceptionResolver --- Resolved [io.jsonwebtoken.ExpiredJwtException: JWT expired 3889 milliseconds ago at 2026-09-24T09:37:58.000Z. Current time: 2026-09-24T09:38:01.889Z. Allowed clock skew: 0 milliseconds.]
2026-09-24 15:08:06 DEBUG o.h.SQL --- select u1_0.id,u1_0.base_currency,u1_0.created_at,u1_0.email,u1_0.is_active,u1_0.name,u1_0.password,u1_0.role,u1_0.total_balance,u1_0.updated_at from users u1_0 where u1_0.email=?
2026-09-24 15:08:06 TRACE o.h.o.j.bind --- binding parameter (1:VARCHAR) <- [user2@gmail.com]
2026-09-24 15:08:06 DEBUG o.h.SQL --- select s1_0.id,s1_0.created_at,s1_0.is_valid,s1_0.last_used_at,s1_0.refresh_token,s1_0.user_id from session s1_0 where s1_0.user_id=?
2026-09-24 15:08:06 TRACE o.h.o.j.bind --- binding parameter (1:BIGINT) <- [1]
2026-09-24 15:08:06 DEBUG o.h.SQL --- delete from session where id=?
2026-09-24 15:08:06 TRACE o.h.o.j.bind --- binding parameter (1:BIGINT) <- [15]
2026-09-24 15:08:06 DEBUG o.h.SQL --- insert into session (created_at,is_valid,last_used_at,refresh_token,user_id) values (?,?,?,?,?)
2026-09-24 15:08:06 TRACE o.h.o.j.bind --- binding parameter (1:TIMESTAMP) <- [2026-09-24T15:08:06.171953]
2026-09-24 15:08:06 TRACE o.h.o.j.bind --- binding parameter (2:BOOLEAN) <- [true]
2026-09-24 15:08:06 TRACE o.h.o.j.bind --- binding parameter (3:TIMESTAMP) <- [2026-09-24T15:08:06.168155451]
2026-09-24 15:08:06 TRACE o.h.o.j.bind --- binding parameter (4:VARCHAR) <- [eyJhbGciOiJIUzI1NiJ9.eyJzdWIiOiIxIiwiaWF0IjoxNzkwMjQyNjg2LCJleHAiOjE3OTA3NjEwODZ9.YLJjfrr52z_d0m0tweOaPlxo8msoIYDN_F-P5H22biE]
2026-09-24 15:08:06 TRACE o.h.o.j.bind --- binding parameter (5:BIGINT) <- [1]
2026-09-24 15:08:06 INFO  c.t.f.s.s.AuthService --- Login Success
2026-09-24 15:08:18 DEBUG o.h.SQL --- select u1_0.id,u1_0.base_currency,u1_0.created_at,u1_0.email,u1_0.is_active,u1_0.name,u1_0.password,u1_0.role,u1_0.total_balance,u1_0.updated_at from users u1_0 where u1_0.id=?
2026-09-24 15:08:18 TRACE o.h.o.j.bind --- binding parameter (1:BIGINT) <- [1]
2026-09-24 15:08:18 INFO  c.t.f.t.TransactionService --- Fetching transactions for userId: 1
2026-09-24 15:08:18 INFO  c.t.f.t.TransactionService --- Fetched transactions for userId: 1
2026-09-24 15:08:18 DEBUG o.h.SQL --- select t1_0.id,t1_0.amount,t1_0.category_id,t1_0.description,t1_0.transaction_date,t1_0.transaction_type,t1_0.user_id from transaction t1_0 where t1_0.user_id=? and 1=1 and 1=1 and t1_0.transaction_date between ? and ? and 1=1 and 1=1 and 1=1 order by t1_0.transaction_date desc offset ? rows fetch first ? rows only
2026-09-24 15:08:18 TRACE o.h.o.j.bind --- binding parameter (1:BIGINT) <- [1]
2026-09-24 15:08:18 TRACE o.h.o.j.bind --- binding parameter (2:TIMESTAMP) <- [2026-09-19T00:00]
2026-09-24 15:08:18 TRACE o.h.o.j.bind --- binding parameter (3:TIMESTAMP) <- [2026-09-21T00:00]
2026-09-24 15:08:18 TRACE o.h.o.j.bind --- binding parameter (4:INTEGER) <- [0]
2026-09-24 15:08:18 TRACE o.h.o.j.bind --- binding parameter (5:INTEGER) <- [5]
2026-09-24 15:08:18 DEBUG o.h.SQL --- select c1_0.id,c1_0.description,c1_0.icon,c1_0.is_default,c1_0.name,c1_0.transaction_type,u1_0.id,u1_0.base_currency,u1_0.created_at,u1_0.email,u1_0.is_active,u1_0.name,u1_0.password,u1_0.role,u1_0.total_balance,u1_0.updated_at from category c1_0 left join users u1_0 on u1_0.id=c1_0.user_id where c1_0.id=?
2026-09-24 15:08:18 TRACE o.h.o.j.bind --- binding parameter (1:BIGINT) <- [1]
2026-09-24 15:10:19 DEBUG o.h.SQL --- select u1_0.id,u1_0.base_currency,u1_0.created_at,u1_0.email,u1_0.is_active,u1_0.name,u1_0.password,u1_0.role,u1_0.total_balance,u1_0.updated_at from users u1_0 where u1_0.id=?
2026-09-24 15:10:19 TRACE o.h.o.j.bind --- binding parameter (1:BIGINT) <- [1]
2026-09-24 15:10:19 INFO  c.t.f.t.TransactionService --- Fetching transactions for userId: 1
2026-09-24 15:10:19 INFO  c.t.f.t.TransactionService --- Fetched transactions for userId: 1
2026-09-24 15:10:19 DEBUG o.h.SQL --- select t1_0.id,t1_0.amount,t1_0.category_id,t1_0.description,t1_0.transaction_date,t1_0.transaction_type,t1_0.user_id from transaction t1_0 where t1_0.user_id=? and 1=1 and 1=1 and t1_0.transaction_date between ? and ? and 1=1 and 1=1 and 1=1 order by t1_0.transaction_date desc offset ? rows fetch first ? rows only
2026-09-24 15:10:19 TRACE o.h.o.j.bind --- binding parameter (1:BIGINT) <- [1]
2026-09-24 15:10:19 TRACE o.h.o.j.bind --- binding parameter (2:TIMESTAMP) <- [2026-09-19T00:00]
2026-09-24 15:10:19 TRACE o.h.o.j.bind --- binding parameter (3:TIMESTAMP) <- [2026-09-22T00:00]
2026-09-24 15:10:19 TRACE o.h.o.j.bind --- binding parameter (4:INTEGER) <- [0]
2026-09-24 15:10:19 TRACE o.h.o.j.bind --- binding parameter (5:INTEGER) <- [5]
2026-09-24 15:10:19 DEBUG o.h.SQL --- select c1_0.id,c1_0.description,c1_0.icon,c1_0.is_default,c1_0.name,c1_0.transaction_type,u1_0.id,u1_0.base_currency,u1_0.created_at,u1_0.email,u1_0.is_active,u1_0.name,u1_0.password,u1_0.role,u1_0.total_balance,u1_0.updated_at from category c1_0 left join users u1_0 on u1_0.id=c1_0.user_id where c1_0.id=?
2026-09-24 15:10:19 TRACE o.h.o.j.bind --- binding parameter (1:BIGINT) <- [1]
2026-09-24 15:12:05 DEBUG o.h.SQL --- select u1_0.id,u1_0.base_currency,u1_0.created_at,u1_0.email,u1_0.is_active,u1_0.name,u1_0.password,u1_0.role,u1_0.total_balance,u1_0.updated_at from users u1_0 where u1_0.id=?
2026-09-24 15:12:05 TRACE o.h.o.j.bind --- binding parameter (1:BIGINT) <- [1]
2026-09-24 15:12:05 INFO  c.t.f.t.TransactionService --- Fetching transactions for userId: 1
2026-09-24 15:12:05 INFO  c.t.f.t.TransactionService --- Fetched transactions for userId: 1
2026-09-24 15:12:05 DEBUG o.h.SQL --- select t1_0.id,t1_0.amount,t1_0.category_id,t1_0.description,t1_0.transaction_date,t1_0.transaction_type,t1_0.user_id from transaction t1_0 where t1_0.user_id=? and 1=1 and 1=1 and t1_0.transaction_date>=? and 1=1 and 1=1 and 1=1 order by t1_0.transaction_date desc offset ? rows fetch first ? rows only
2026-09-24 15:12:05 TRACE o.h.o.j.bind --- binding parameter (1:BIGINT) <- [1]
2026-09-24 15:12:05 TRACE o.h.o.j.bind --- binding parameter (2:TIMESTAMP) <- [2026-09-20T00:00]
2026-09-24 15:12:05 TRACE o.h.o.j.bind --- binding parameter (3:INTEGER) <- [0]
2026-09-24 15:12:05 TRACE o.h.o.j.bind --- binding parameter (4:INTEGER) <- [5]
2026-09-24 15:12:05 DEBUG o.h.SQL --- select c1_0.id,c1_0.description,c1_0.icon,c1_0.is_default,c1_0.name,c1_0.transaction_type,u1_0.id,u1_0.base_currency,u1_0.created_at,u1_0.email,u1_0.is_active,u1_0.name,u1_0.password,u1_0.role,u1_0.total_balance,u1_0.updated_at from category c1_0 left join users u1_0 on u1_0.id=c1_0.user_id where c1_0.id=?
2026-09-24 15:12:05 TRACE o.h.o.j.bind --- binding parameter (1:BIGINT) <- [1]
2026-09-24 15:12:05 DEBUG o.h.SQL --- select count(t1_0.id) from transaction t1_0 where t1_0.user_id=? and 1=1 and 1=1 and t1_0.transaction_date>=? and 1=1 and 1=1 and 1=1
2026-09-24 15:12:05 TRACE o.h.o.j.bind --- binding parameter (1:BIGINT) <- [1]
2026-09-24 15:12:05 TRACE o.h.o.j.bind --- binding parameter (2:TIMESTAMP) <- [2026-09-20T00:00]
2026-09-24 15:12:53 DEBUG o.h.SQL --- select u1_0.id,u1_0.base_currency,u1_0.created_at,u1_0.email,u1_0.is_active,u1_0.name,u1_0.password,u1_0.role,u1_0.total_balance,u1_0.updated_at from users u1_0 where u1_0.id=?
2026-09-24 15:12:53 TRACE o.h.o.j.bind --- binding parameter (1:BIGINT) <- [1]
2026-09-24 15:12:53 INFO  c.t.f.t.TransactionService --- Fetching transactions for userId: 1
2026-09-24 15:12:53 INFO  c.t.f.t.TransactionService --- Fetched transactions for userId: 1
2026-09-24 15:12:53 DEBUG o.h.SQL --- select t1_0.id,t1_0.amount,t1_0.category_id,t1_0.description,t1_0.transaction_date,t1_0.transaction_type,t1_0.user_id from transaction t1_0 where t1_0.user_id=? and 1=1 and 1=1 and t1_0.transaction_date>=? and 1=1 and 1=1 and 1=1 order by t1_0.transaction_date desc offset ? rows fetch first ? rows only
2026-09-24 15:12:53 TRACE o.h.o.j.bind --- binding parameter (1:BIGINT) <- [1]
2026-09-24 15:12:53 TRACE o.h.o.j.bind --- binding parameter (2:TIMESTAMP) <- [2026-09-20T00:00]
2026-09-24 15:12:53 TRACE o.h.o.j.bind --- binding parameter (3:INTEGER) <- [5]
2026-09-24 15:12:53 TRACE o.h.o.j.bind --- binding parameter (4:INTEGER) <- [5]
2026-09-24 15:12:53 DEBUG o.h.SQL --- select c1_0.id,c1_0.description,c1_0.icon,c1_0.is_default,c1_0.name,c1_0.transaction_type,u1_0.id,u1_0.base_currency,u1_0.created_at,u1_0.email,u1_0.is_active,u1_0.name,u1_0.password,u1_0.role,u1_0.total_balance,u1_0.updated_at from category c1_0 left join users u1_0 on u1_0.id=c1_0.user_id where c1_0.id=?
2026-09-24 15:12:53 TRACE o.h.o.j.bind --- binding parameter (1:BIGINT) <- [1]
2026-09-24 15:12:53 DEBUG o.h.SQL --- select count(t1_0.id) from transaction t1_0 where t1_0.user_id=? and 1=1 and 1=1 and t1_0.transaction_date>=? and 1=1 and 1=1 and 1=1
2026-09-24 15:12:53 TRACE o.h.o.j.bind --- binding parameter (1:BIGINT) <- [1]
2026-09-24 15:12:53 TRACE o.h.o.j.bind --- binding parameter (2:TIMESTAMP) <- [2026-09-20T00:00]
2026-09-24 15:13:03 DEBUG o.h.SQL --- select u1_0.id,u1_0.base_currency,u1_0.created_at,u1_0.email,u1_0.is_active,u1_0.name,u1_0.password,u1_0.role,u1_0.total_balance,u1_0.updated_at from users u1_0 where u1_0.id=?
2026-09-24 15:13:03 TRACE o.h.o.j.bind --- binding parameter (1:BIGINT) <- [1]
2026-09-24 15:13:03 INFO  c.t.f.t.TransactionService --- Fetching transactions for userId: 1
2026-09-24 15:13:03 INFO  c.t.f.t.TransactionService --- Fetched transactions for userId: 1
2026-09-24 15:13:03 DEBUG o.h.SQL --- select t1_0.id,t1_0.amount,t1_0.category_id,t1_0.description,t1_0.transaction_date,t1_0.transaction_type,t1_0.user_id from transaction t1_0 where t1_0.user_id=? and 1=1 and 1=1 and t1_0.transaction_date>=? and 1=1 and 1=1 and 1=1 order by t1_0.transaction_date desc offset ? rows fetch first ? rows only
2026-09-24 15:13:03 TRACE o.h.o.j.bind --- binding parameter (1:BIGINT) <- [1]
2026-09-24 15:13:03 TRACE o.h.o.j.bind --- binding parameter (2:TIMESTAMP) <- [2026-09-20T00:00]
2026-09-24 15:13:03 TRACE o.h.o.j.bind --- binding parameter (3:INTEGER) <- [10]
2026-09-24 15:13:03 TRACE o.h.o.j.bind --- binding parameter (4:INTEGER) <- [5]
2026-09-24 15:13:03 DEBUG o.h.SQL --- select c1_0.id,c1_0.description,c1_0.icon,c1_0.is_default,c1_0.name,c1_0.transaction_type,u1_0.id,u1_0.base_currency,u1_0.created_at,u1_0.email,u1_0.is_active,u1_0.name,u1_0.password,u1_0.role,u1_0.total_balance,u1_0.updated_at from category c1_0 left join users u1_0 on u1_0.id=c1_0.user_id where c1_0.id=?
2026-09-24 15:13:03 TRACE o.h.o.j.bind --- binding parameter (1:BIGINT) <- [1]
2026-09-24 15:31:53 INFO  o.s.b.t.GracefulShutdown --- Commencing graceful shutdown. Waiting for active requests to complete
2026-09-24 15:31:53 INFO  o.s.b.t.GracefulShutdown --- Graceful shutdown complete
2026-09-24 15:31:53 INFO  o.s.o.j.LocalContainerEntityManagerFactoryBean --- Closing JPA EntityManagerFactory for persistence unit 'default'
2026-09-24 15:31:53 INFO  c.z.h.HikariDataSource --- HikariPool-1 - Shutdown initiated...
2026-09-24 15:31:53 INFO  c.z.h.HikariDataSource --- HikariPool-1 - Shutdown completed.
2026-09-24 15:31:56 INFO  o.h.v.i.u.Version --- HV000001: Hibernate Validator 9.1.3.Final
2026-09-24 15:31:57 INFO  c.t.f.FinsightApplication --- Starting FinsightApplication using Java 21.0.12.1 with PID 46085 (/home/abdul-rahman/Project/finsight/target/classes started by abdul-rahman in /home/abdul-rahman/Project/finsight)
2026-09-24 15:31:57 DEBUG c.t.f.FinsightApplication --- Running with Spring Boot v4.1.1, Spring v7.0.9
2026-09-24 15:31:57 INFO  c.t.f.FinsightApplication --- No active profile set, falling back to 1 default profile: "default"
2026-09-24 15:31:57 INFO  o.s.b.d.e.DevToolsPropertyDefaultsPostProcessor --- Devtools property defaults active! Set 'spring.devtools.add-properties' to 'false' to disable
2026-09-24 15:31:57 INFO  o.s.b.d.e.DevToolsPropertyDefaultsPostProcessor --- For additional web related logging consider setting the 'logging.level.web' property to 'DEBUG'
2026-09-24 15:31:57 INFO  o.s.d.r.c.RepositoryConfigurationDelegate --- Bootstrapping Spring Data JPA repositories in DEFAULT mode.
2026-09-24 15:31:57 INFO  o.s.d.r.c.RepositoryConfigurationDelegate --- Finished Spring Data repository scanning in 33 ms. Found 5 JPA repository interfaces.
2026-09-24 15:31:57 INFO  o.s.b.t.TomcatWebServer --- Tomcat initialized with port 8080 (http)
2026-09-24 15:31:58 INFO  o.a.c.h.Http11NioProtocol --- Initializing ProtocolHandler ["http-nio-8080"]
2026-09-24 15:31:58 INFO  o.a.c.c.StandardService --- Starting service [Tomcat]
2026-09-24 15:31:58 INFO  o.a.c.c.StandardEngine --- Starting Servlet engine: [Apache Tomcat/11.0.24]
2026-09-24 15:31:58 INFO  o.s.b.w.c.s.WebApplicationContextInitializer --- Root WebApplicationContext: initialization completed in 956 ms
2026-09-24 15:31:58 INFO  o.h.o.jpa --- HHH008540: Processing PersistenceUnitInfo [name: default]
2026-09-24 15:31:58 INFO  o.h.o.core --- HHH000001: Hibernate ORM core version 7.4.5.Final
2026-09-24 15:31:58 INFO  o.s.o.j.p.SpringPersistenceUnitInfo --- No LoadTimeWeaver setup: ignoring JPA class transformer
2026-09-24 15:31:58 INFO  c.z.h.HikariDataSource --- HikariPool-1 - Starting...
2026-09-24 15:31:58 INFO  c.z.h.p.HikariPool --- HikariPool-1 - Added connection org.postgresql.jdbc.PgConnection@3125c8c
2026-09-24 15:31:58 INFO  c.z.h.HikariDataSource --- HikariPool-1 - Start completed.
2026-09-24 15:31:58 INFO  o.h.o.c.pooling --- HHH10001005: Database info:
	Database JDBC URL [jdbc:postgresql://localhost:5432/finsight]
	Database driver: PostgreSQL JDBC Driver
	Database dialect: PostgreSQLDialect
	Database version: 18.6
	Default catalog/schema: finsight/public
	Autocommit mode: undefined/unknown
	Isolation level: READ_COMMITTED [default READ_COMMITTED]
	JDBC fetch size: none
	Pool: DataSourceConnectionProvider
	Minimum pool size: undefined/unknown
	Maximum pool size: undefined/unknown
2026-09-24 15:31:59 INFO  o.h.o.core --- HHH000489: No JTA platform available (set 'hibernate.transaction.jta.platform' to enable JTA platform integration)
2026-09-24 15:31:59 INFO  o.s.o.j.LocalContainerEntityManagerFactoryBean --- Initialized JPA EntityManagerFactory for persistence unit 'default'
2026-09-24 15:31:59 INFO  o.s.d.j.r.q.QueryEnhancerFactories --- Hibernate is in classpath; If applicable, HQL parser will be used.
2026-09-24 15:31:59 WARN  o.s.b.j.a.JpaBaseConfiguration$JpaWebConfiguration --- spring.jpa.open-in-view is enabled by default. Therefore, database queries may be performed during view rendering. Explicitly configure spring.jpa.open-in-view to disable this warning
2026-09-24 15:31:59 DEBUG c.t.f.s.f.JwtAuthFilter --- Filter 'jwtAuthFilter' configured for use
2026-09-24 15:31:59 INFO  o.s.s.c.a.a.c.InitializeUserDetailsBeanManagerConfigurer$InitializeUserDetailsManagerConfigurer --- Global AuthenticationManager configured with UserDetailsService bean with name userService
2026-09-24 15:32:00 INFO  o.a.c.h.Http11NioProtocol --- Starting ProtocolHandler ["http-nio-8080"]
2026-09-24 15:32:00 INFO  o.s.b.t.TomcatWebServer --- Tomcat started on port 8080 (http) with context path '/'
2026-09-24 15:32:00 INFO  c.t.f.FinsightApplication --- Started FinsightApplication in 3.656 seconds (process running for 4.007)
2026-09-24 15:33:21 INFO  o.a.c.c.C.[.[.[/] --- Initializing Spring DispatcherServlet 'dispatcherServlet'
2026-09-24 15:33:21 INFO  o.s.w.s.DispatcherServlet --- Initializing Servlet 'dispatcherServlet'
2026-09-24 15:33:21 INFO  o.s.w.s.DispatcherServlet --- Completed initialization in 1 ms
2026-09-24 15:33:21 DEBUG o.h.SQL --- select u1_0.id,u1_0.base_currency,u1_0.created_at,u1_0.email,u1_0.is_active,u1_0.name,u1_0.password,u1_0.role,u1_0.total_balance,u1_0.updated_at from users u1_0 where u1_0.email=?
2026-09-24 15:33:21 TRACE o.h.o.j.bind --- binding parameter (1:VARCHAR) <- [user2@gmail.com]
2026-09-24 15:33:21 DEBUG o.h.SQL --- select s1_0.id,s1_0.created_at,s1_0.is_valid,s1_0.last_used_at,s1_0.refresh_token,s1_0.user_id from session s1_0 where s1_0.user_id=?
2026-09-24 15:33:21 TRACE o.h.o.j.bind --- binding parameter (1:BIGINT) <- [1]
2026-09-24 15:33:21 DEBUG o.h.SQL --- delete from session where id=?
2026-09-24 15:33:21 TRACE o.h.o.j.bind --- binding parameter (1:BIGINT) <- [17]
2026-09-24 15:33:21 DEBUG o.h.SQL --- insert into session (created_at,is_valid,last_used_at,refresh_token,user_id) values (?,?,?,?,?)
2026-09-24 15:33:21 TRACE o.h.o.j.bind --- binding parameter (1:TIMESTAMP) <- [2026-09-24T15:33:21.829415]
2026-09-24 15:33:21 TRACE o.h.o.j.bind --- binding parameter (2:BOOLEAN) <- [true]
2026-09-24 15:33:21 TRACE o.h.o.j.bind --- binding parameter (3:TIMESTAMP) <- [2026-09-24T15:33:21.825573560]
2026-09-24 15:33:21 TRACE o.h.o.j.bind --- binding parameter (4:VARCHAR) <- [eyJhbGciOiJIUzI1NiJ9.eyJzdWIiOiIxIiwiaWF0IjoxNzkwMjQ0MjAxLCJleHAiOjE3OTA3NjI2MDF9.Yk561MX8WgpN2RUcQ-AmB5yk-6l2Ov74MQ_2mQ6HpgU]
2026-09-24 15:33:21 TRACE o.h.o.j.bind --- binding parameter (5:BIGINT) <- [1]
2026-09-24 15:33:21 INFO  c.t.f.s.s.AuthService --- Login Success
2026-09-24 15:34:19 DEBUG o.h.SQL --- select u1_0.id,u1_0.base_currency,u1_0.created_at,u1_0.email,u1_0.is_active,u1_0.name,u1_0.password,u1_0.role,u1_0.total_balance,u1_0.updated_at from users u1_0 where u1_0.id=?
2026-09-24 15:34:19 TRACE o.h.o.j.bind --- binding parameter (1:BIGINT) <- [1]
2026-09-24 15:34:19 INFO  c.t.f.t.TransactionService --- Fetching transactions for userId: 1
2026-09-24 15:34:19 INFO  c.t.f.t.TransactionService --- Fetched transactions for userId: 1
2026-09-24 15:34:19 WARN  o.s.w.s.m.m.a.ExceptionHandlerExceptionResolver --- Resolved [org.springframework.dao.InvalidDataAccessApiUsageException: Could not resolve attribute 'date' of 'com.technerd.finsight.transaction.Transaction']
2026-09-24 15:35:51 INFO  o.s.b.t.GracefulShutdown --- Commencing graceful shutdown. Waiting for active requests to complete
2026-09-24 15:35:51 INFO  o.s.b.t.GracefulShutdown --- Graceful shutdown complete
2026-09-24 15:35:51 INFO  o.s.o.j.LocalContainerEntityManagerFactoryBean --- Closing JPA EntityManagerFactory for persistence unit 'default'
2026-09-24 15:35:51 INFO  c.z.h.HikariDataSource --- HikariPool-1 - Shutdown initiated...
2026-09-24 15:35:51 INFO  c.z.h.HikariDataSource --- HikariPool-1 - Shutdown completed.
2026-09-24 15:35:55 INFO  o.h.v.i.u.Version --- HV000001: Hibernate Validator 9.1.3.Final
2026-09-24 15:35:55 INFO  c.t.f.FinsightApplication --- Starting FinsightApplication using Java 21.0.12.1 with PID 46884 (/home/abdul-rahman/Project/finsight/target/classes started by abdul-rahman in /home/abdul-rahman/Project/finsight)
2026-09-24 15:35:55 DEBUG c.t.f.FinsightApplication --- Running with Spring Boot v4.1.1, Spring v7.0.9
2026-09-24 15:35:55 INFO  c.t.f.FinsightApplication --- No active profile set, falling back to 1 default profile: "default"
2026-09-24 15:35:55 INFO  o.s.b.d.e.DevToolsPropertyDefaultsPostProcessor --- Devtools property defaults active! Set 'spring.devtools.add-properties' to 'false' to disable
2026-09-24 15:35:55 INFO  o.s.b.d.e.DevToolsPropertyDefaultsPostProcessor --- For additional web related logging consider setting the 'logging.level.web' property to 'DEBUG'
2026-09-24 15:35:55 INFO  o.s.d.r.c.RepositoryConfigurationDelegate --- Bootstrapping Spring Data JPA repositories in DEFAULT mode.
2026-09-24 15:35:55 INFO  o.s.d.r.c.RepositoryConfigurationDelegate --- Finished Spring Data repository scanning in 41 ms. Found 5 JPA repository interfaces.
2026-09-24 15:35:56 INFO  o.s.b.t.TomcatWebServer --- Tomcat initialized with port 8080 (http)
2026-09-24 15:35:56 INFO  o.a.c.h.Http11NioProtocol --- Initializing ProtocolHandler ["http-nio-8080"]
2026-09-24 15:35:56 INFO  o.a.c.c.StandardService --- Starting service [Tomcat]
2026-09-24 15:35:56 INFO  o.a.c.c.StandardEngine --- Starting Servlet engine: [Apache Tomcat/11.0.24]
2026-09-24 15:35:56 INFO  o.s.b.w.c.s.WebApplicationContextInitializer --- Root WebApplicationContext: initialization completed in 984 ms
2026-09-24 15:35:56 INFO  o.h.o.jpa --- HHH008540: Processing PersistenceUnitInfo [name: default]
2026-09-24 15:35:56 INFO  o.h.o.core --- HHH000001: Hibernate ORM core version 7.4.5.Final
2026-09-24 15:35:56 INFO  o.s.o.j.p.SpringPersistenceUnitInfo --- No LoadTimeWeaver setup: ignoring JPA class transformer
2026-09-24 15:35:56 INFO  c.z.h.HikariDataSource --- HikariPool-1 - Starting...
2026-09-24 15:35:56 INFO  c.z.h.p.HikariPool --- HikariPool-1 - Added connection org.postgresql.jdbc.PgConnection@7a9159ed
2026-09-24 15:35:56 INFO  c.z.h.HikariDataSource --- HikariPool-1 - Start completed.
2026-09-24 15:35:56 INFO  o.h.o.c.pooling --- HHH10001005: Database info:
	Database JDBC URL [jdbc:postgresql://localhost:5432/finsight]
	Database driver: PostgreSQL JDBC Driver
	Database dialect: PostgreSQLDialect
	Database version: 18.6
	Default catalog/schema: finsight/public
	Autocommit mode: undefined/unknown
	Isolation level: READ_COMMITTED [default READ_COMMITTED]
	JDBC fetch size: none
	Pool: DataSourceConnectionProvider
	Minimum pool size: undefined/unknown
	Maximum pool size: undefined/unknown
2026-09-24 15:35:57 INFO  o.h.o.core --- HHH000489: No JTA platform available (set 'hibernate.transaction.jta.platform' to enable JTA platform integration)
2026-09-24 15:35:57 INFO  o.s.o.j.LocalContainerEntityManagerFactoryBean --- Initialized JPA EntityManagerFactory for persistence unit 'default'
2026-09-24 15:35:57 INFO  o.s.d.j.r.q.QueryEnhancerFactories --- Hibernate is in classpath; If applicable, HQL parser will be used.
2026-09-24 15:35:57 WARN  o.s.b.j.a.JpaBaseConfiguration$JpaWebConfiguration --- spring.jpa.open-in-view is enabled by default. Therefore, database queries may be performed during view rendering. Explicitly configure spring.jpa.open-in-view to disable this warning
2026-09-24 15:35:58 DEBUG c.t.f.s.f.JwtAuthFilter --- Filter 'jwtAuthFilter' configured for use
2026-09-24 15:35:58 INFO  o.s.s.c.a.a.c.InitializeUserDetailsBeanManagerConfigurer$InitializeUserDetailsManagerConfigurer --- Global AuthenticationManager configured with UserDetailsService bean with name userService
2026-09-24 15:35:58 INFO  o.a.c.h.Http11NioProtocol --- Starting ProtocolHandler ["http-nio-8080"]
2026-09-24 15:35:58 INFO  o.s.b.t.TomcatWebServer --- Tomcat started on port 8080 (http) with context path '/'
2026-09-24 15:35:58 INFO  c.t.f.FinsightApplication --- Started FinsightApplication in 3.923 seconds (process running for 4.313)
2026-09-24 15:36:00 INFO  o.a.c.c.C.[.[.[/] --- Initializing Spring DispatcherServlet 'dispatcherServlet'
2026-09-24 15:36:00 INFO  o.s.w.s.DispatcherServlet --- Initializing Servlet 'dispatcherServlet'
2026-09-24 15:36:00 INFO  o.s.w.s.DispatcherServlet --- Completed initialization in 1 ms
2026-09-24 15:36:00 DEBUG o.h.SQL --- select u1_0.id,u1_0.base_currency,u1_0.created_at,u1_0.email,u1_0.is_active,u1_0.name,u1_0.password,u1_0.role,u1_0.total_balance,u1_0.updated_at from users u1_0 where u1_0.id=?
2026-09-24 15:36:00 TRACE o.h.o.j.bind --- binding parameter (1:BIGINT) <- [1]
2026-09-24 15:36:00 INFO  c.t.f.t.TransactionService --- Fetching transactions for userId: 1
2026-09-24 15:36:00 INFO  c.t.f.t.TransactionService --- Fetched transactions for userId: 1
2026-09-24 15:36:00 DEBUG o.h.SQL --- select t1_0.id,t1_0.amount,t1_0.category_id,t1_0.description,t1_0.transaction_date,t1_0.transaction_type,t1_0.user_id from transaction t1_0 where t1_0.user_id=? and 1=1 and 1=1 and 1=1 and t1_0.transaction_date>=? and t1_0.transaction_date<? and 1=1 and 1=1 order by t1_0.transaction_date desc offset ? rows fetch first ? rows only
2026-09-24 15:36:00 TRACE o.h.o.j.bind --- binding parameter (1:BIGINT) <- [1]
2026-09-24 15:36:00 TRACE o.h.o.j.bind --- binding parameter (2:TIMESTAMP) <- [2026-09-19T00:00]
2026-09-24 15:36:00 TRACE o.h.o.j.bind --- binding parameter (3:TIMESTAMP) <- [2026-09-20T00:00]
2026-09-24 15:36:00 TRACE o.h.o.j.bind --- binding parameter (4:INTEGER) <- [0]
2026-09-24 15:36:00 TRACE o.h.o.j.bind --- binding parameter (5:INTEGER) <- [5]
2026-09-24 15:36:00 DEBUG o.h.SQL --- select c1_0.id,c1_0.description,c1_0.icon,c1_0.is_default,c1_0.name,c1_0.transaction_type,u1_0.id,u1_0.base_currency,u1_0.created_at,u1_0.email,u1_0.is_active,u1_0.name,u1_0.password,u1_0.role,u1_0.total_balance,u1_0.updated_at from category c1_0 left join users u1_0 on u1_0.id=c1_0.user_id where c1_0.id=?
2026-09-24 15:36:00 TRACE o.h.o.j.bind --- binding parameter (1:BIGINT) <- [1]
2026-09-24 15:36:00 WARN  o.s.d.w.c.SpringDataJackson3Configuration$PageModule$WarningLoggingModifier --- Serializing PageImpl instances as-is is not supported, meaning that there is no guarantee about the stability of the resulting JSON structure!
	For a stable JSON structure, please use Spring Data's PagedModel (globally via @EnableSpringDataWebSupport(pageSerializationMode = VIA_DTO))
	or Spring HATEOAS and Spring Data's PagedResourcesAssembler as documented in https://docs.spring.io/spring-data/commons/reference/repositories/core-extensions.html#core.web.pageables.

2026-09-24 15:36:10 DEBUG o.h.SQL --- select u1_0.id,u1_0.base_currency,u1_0.created_at,u1_0.email,u1_0.is_active,u1_0.name,u1_0.password,u1_0.role,u1_0.total_balance,u1_0.updated_at from users u1_0 where u1_0.id=?
2026-09-24 15:36:10 TRACE o.h.o.j.bind --- binding parameter (1:BIGINT) <- [1]
2026-09-24 15:36:10 INFO  c.t.f.t.TransactionService --- Fetching transactions for userId: 1
2026-09-24 15:36:10 INFO  c.t.f.t.TransactionService --- Fetched transactions for userId: 1
2026-09-24 15:36:10 DEBUG o.h.SQL --- select t1_0.id,t1_0.amount,t1_0.category_id,t1_0.description,t1_0.transaction_date,t1_0.transaction_type,t1_0.user_id from transaction t1_0 where t1_0.user_id=? and 1=1 and 1=1 and 1=1 and t1_0.transaction_date>=? and t1_0.transaction_date<? and 1=1 and 1=1 order by t1_0.transaction_date desc offset ? rows fetch first ? rows only
2026-09-24 15:36:10 TRACE o.h.o.j.bind --- binding parameter (1:BIGINT) <- [1]
2026-09-24 15:36:10 TRACE o.h.o.j.bind --- binding parameter (2:TIMESTAMP) <- [2026-09-21T00:00]
2026-09-24 15:36:10 TRACE o.h.o.j.bind --- binding parameter (3:TIMESTAMP) <- [2026-09-22T00:00]
2026-09-24 15:36:10 TRACE o.h.o.j.bind --- binding parameter (4:INTEGER) <- [0]
2026-09-24 15:36:10 TRACE o.h.o.j.bind --- binding parameter (5:INTEGER) <- [5]
2026-09-24 15:36:10 DEBUG o.h.SQL --- select c1_0.id,c1_0.description,c1_0.icon,c1_0.is_default,c1_0.name,c1_0.transaction_type,u1_0.id,u1_0.base_currency,u1_0.created_at,u1_0.email,u1_0.is_active,u1_0.name,u1_0.password,u1_0.role,u1_0.total_balance,u1_0.updated_at from category c1_0 left join users u1_0 on u1_0.id=c1_0.user_id where c1_0.id=?
2026-09-24 15:36:10 TRACE o.h.o.j.bind --- binding parameter (1:BIGINT) <- [1]
2026-09-24 15:37:05 DEBUG o.h.SQL --- select u1_0.id,u1_0.base_currency,u1_0.created_at,u1_0.email,u1_0.is_active,u1_0.name,u1_0.password,u1_0.role,u1_0.total_balance,u1_0.updated_at from users u1_0 where u1_0.id=?
2026-09-24 15:37:05 TRACE o.h.o.j.bind --- binding parameter (1:BIGINT) <- [1]
2026-09-24 15:37:05 INFO  c.t.f.t.TransactionService --- Fetching transactions for userId: 1
2026-09-24 15:37:05 INFO  c.t.f.t.TransactionService --- Fetched transactions for userId: 1
2026-09-24 15:37:05 DEBUG o.h.SQL --- select t1_0.id,t1_0.amount,t1_0.category_id,t1_0.description,t1_0.transaction_date,t1_0.transaction_type,t1_0.user_id from transaction t1_0 where t1_0.user_id=? and t1_0.transaction_type=? and 1=1 and 1=1 and 1=1 and 1=1 and 1=1 order by t1_0.transaction_date desc offset ? rows fetch first ? rows only
2026-09-24 15:37:05 TRACE o.h.o.j.bind --- binding parameter (1:BIGINT) <- [1]
2026-09-24 15:37:05 TRACE o.h.o.j.bind --- binding parameter (2:VARCHAR) <- [EXPENSE]
2026-09-24 15:37:05 TRACE o.h.o.j.bind --- binding parameter (3:INTEGER) <- [0]
2026-09-24 15:37:05 TRACE o.h.o.j.bind --- binding parameter (4:INTEGER) <- [5]
2026-09-24 15:38:22 DEBUG o.h.SQL --- select u1_0.id,u1_0.base_currency,u1_0.created_at,u1_0.email,u1_0.is_active,u1_0.name,u1_0.password,u1_0.role,u1_0.total_balance,u1_0.updated_at from users u1_0 where u1_0.id=?
2026-09-24 15:38:22 TRACE o.h.o.j.bind --- binding parameter (1:BIGINT) <- [1]
2026-09-24 15:38:22 INFO  c.t.f.t.TransactionService --- Fetching transactions for userId: 1
2026-09-24 15:38:22 INFO  c.t.f.t.TransactionService --- Fetched transactions for userId: 1
2026-09-24 15:38:22 DEBUG o.h.SQL --- select t1_0.id,t1_0.amount,t1_0.category_id,t1_0.description,t1_0.transaction_date,t1_0.transaction_type,t1_0.user_id from transaction t1_0 where t1_0.user_id=? and t1_0.transaction_type=? and 1=1 and 1=1 and 1=1 and 1=1 and 1=1 order by t1_0.transaction_date desc offset ? rows fetch first ? rows only
2026-09-24 15:38:22 TRACE o.h.o.j.bind --- binding parameter (1:BIGINT) <- [1]
2026-09-24 15:38:22 TRACE o.h.o.j.bind --- binding parameter (2:VARCHAR) <- [EXPENSE]
2026-09-24 15:38:22 TRACE o.h.o.j.bind --- binding parameter (3:INTEGER) <- [0]
2026-09-24 15:38:22 TRACE o.h.o.j.bind --- binding parameter (4:INTEGER) <- [5]
2026-09-24 15:52:03 INFO  o.s.b.t.GracefulShutdown --- Commencing graceful shutdown. Waiting for active requests to complete
2026-09-24 15:52:03 INFO  o.s.b.t.GracefulShutdown --- Graceful shutdown complete
2026-09-24 15:52:03 INFO  o.s.o.j.LocalContainerEntityManagerFactoryBean --- Closing JPA EntityManagerFactory for persistence unit 'default'
2026-09-24 15:52:03 INFO  c.z.h.HikariDataSource --- HikariPool-1 - Shutdown initiated...
2026-09-24 15:52:03 INFO  c.z.h.HikariDataSource --- HikariPool-1 - Shutdown completed.
2026-09-24 15:52:06 INFO  o.h.v.i.u.Version --- HV000001: Hibernate Validator 9.1.3.Final
2026-09-24 15:52:06 INFO  c.t.f.FinsightApplication --- Starting FinsightApplication using Java 21.0.12.1 with PID 48880 (/home/abdul-rahman/Project/finsight/target/classes started by abdul-rahman in /home/abdul-rahman/Project/finsight)
2026-09-24 15:52:06 DEBUG c.t.f.FinsightApplication --- Running with Spring Boot v4.1.1, Spring v7.0.9
2026-09-24 15:52:06 INFO  c.t.f.FinsightApplication --- No active profile set, falling back to 1 default profile: "default"
2026-09-24 15:52:06 INFO  o.s.b.d.e.DevToolsPropertyDefaultsPostProcessor --- Devtools property defaults active! Set 'spring.devtools.add-properties' to 'false' to disable
2026-09-24 15:52:06 INFO  o.s.b.d.e.DevToolsPropertyDefaultsPostProcessor --- For additional web related logging consider setting the 'logging.level.web' property to 'DEBUG'
2026-09-24 15:52:07 INFO  o.s.d.r.c.RepositoryConfigurationDelegate --- Bootstrapping Spring Data JPA repositories in DEFAULT mode.
2026-09-24 15:52:07 INFO  o.s.d.r.c.RepositoryConfigurationDelegate --- Finished Spring Data repository scanning in 38 ms. Found 5 JPA repository interfaces.
2026-09-24 15:52:07 INFO  o.s.b.t.TomcatWebServer --- Tomcat initialized with port 8080 (http)
2026-09-24 15:52:07 INFO  o.a.c.h.Http11NioProtocol --- Initializing ProtocolHandler ["http-nio-8080"]
2026-09-24 15:52:07 INFO  o.a.c.c.StandardService --- Starting service [Tomcat]
2026-09-24 15:52:07 INFO  o.a.c.c.StandardEngine --- Starting Servlet engine: [Apache Tomcat/11.0.24]
2026-09-24 15:52:07 INFO  o.s.b.w.c.s.WebApplicationContextInitializer --- Root WebApplicationContext: initialization completed in 1204 ms
2026-09-24 15:52:08 INFO  o.h.o.jpa --- HHH008540: Processing PersistenceUnitInfo [name: default]
2026-09-24 15:52:08 INFO  o.h.o.core --- HHH000001: Hibernate ORM core version 7.4.5.Final
2026-09-24 15:52:08 INFO  o.s.o.j.p.SpringPersistenceUnitInfo --- No LoadTimeWeaver setup: ignoring JPA class transformer
2026-09-24 15:52:08 INFO  c.z.h.HikariDataSource --- HikariPool-1 - Starting...
2026-09-24 15:52:08 INFO  c.z.h.p.HikariPool --- HikariPool-1 - Added connection org.postgresql.jdbc.PgConnection@7d82c073
2026-09-24 15:52:08 INFO  c.z.h.HikariDataSource --- HikariPool-1 - Start completed.
2026-09-24 15:52:08 INFO  o.h.o.c.pooling --- HHH10001005: Database info:
	Database JDBC URL [jdbc:postgresql://localhost:5432/finsight]
	Database driver: PostgreSQL JDBC Driver
	Database dialect: PostgreSQLDialect
	Database version: 18.6
	Default catalog/schema: finsight/public
	Autocommit mode: undefined/unknown
	Isolation level: READ_COMMITTED [default READ_COMMITTED]
	JDBC fetch size: none
	Pool: DataSourceConnectionProvider
	Minimum pool size: undefined/unknown
	Maximum pool size: undefined/unknown
2026-09-24 15:52:09 INFO  o.h.o.core --- HHH000489: No JTA platform available (set 'hibernate.transaction.jta.platform' to enable JTA platform integration)
2026-09-24 15:52:09 INFO  o.s.o.j.LocalContainerEntityManagerFactoryBean --- Initialized JPA EntityManagerFactory for persistence unit 'default'
2026-09-24 15:52:09 INFO  o.s.d.j.r.q.QueryEnhancerFactories --- Hibernate is in classpath; If applicable, HQL parser will be used.
2026-09-24 15:52:09 WARN  o.s.b.j.a.JpaBaseConfiguration$JpaWebConfiguration --- spring.jpa.open-in-view is enabled by default. Therefore, database queries may be performed during view rendering. Explicitly configure spring.jpa.open-in-view to disable this warning
2026-09-24 15:52:09 DEBUG c.t.f.s.f.JwtAuthFilter --- Filter 'jwtAuthFilter' configured for use
2026-09-24 15:52:10 INFO  o.s.s.c.a.a.c.InitializeUserDetailsBeanManagerConfigurer$InitializeUserDetailsManagerConfigurer --- Global AuthenticationManager configured with UserDetailsService bean with name userService
2026-09-24 15:52:10 INFO  o.a.c.h.Http11NioProtocol --- Starting ProtocolHandler ["http-nio-8080"]
2026-09-24 15:52:10 INFO  o.s.b.t.TomcatWebServer --- Tomcat started on port 8080 (http) with context path '/'
2026-09-24 15:52:10 INFO  c.t.f.FinsightApplication --- Started FinsightApplication in 4.22 seconds (process running for 4.613)
2026-09-24 15:52:16 INFO  o.a.c.c.C.[.[.[/] --- Initializing Spring DispatcherServlet 'dispatcherServlet'
2026-09-24 15:52:16 INFO  o.s.w.s.DispatcherServlet --- Initializing Servlet 'dispatcherServlet'
2026-09-24 15:52:16 INFO  o.s.w.s.DispatcherServlet --- Completed initialization in 1 ms
2026-09-24 15:52:16 DEBUG o.h.SQL --- select u1_0.id,u1_0.base_currency,u1_0.created_at,u1_0.email,u1_0.is_active,u1_0.name,u1_0.password,u1_0.role,u1_0.total_balance,u1_0.updated_at from users u1_0 where u1_0.email=?
2026-09-24 15:52:16 TRACE o.h.o.j.bind --- binding parameter (1:VARCHAR) <- [user2@gmail.com]
2026-09-24 15:52:16 DEBUG o.h.SQL --- select s1_0.id,s1_0.created_at,s1_0.is_valid,s1_0.last_used_at,s1_0.refresh_token,s1_0.user_id from session s1_0 where s1_0.user_id=?
2026-09-24 15:52:16 TRACE o.h.o.j.bind --- binding parameter (1:BIGINT) <- [1]
2026-09-24 15:52:16 DEBUG o.h.SQL --- delete from session where id=?
2026-09-24 15:52:16 TRACE o.h.o.j.bind --- binding parameter (1:BIGINT) <- [18]
2026-09-24 15:52:16 DEBUG o.h.SQL --- insert into session (created_at,is_valid,last_used_at,refresh_token,user_id) values (?,?,?,?,?)
2026-09-24 15:52:16 TRACE o.h.o.j.bind --- binding parameter (1:TIMESTAMP) <- [2026-09-24T15:52:16.659604]
2026-09-24 15:52:16 TRACE o.h.o.j.bind --- binding parameter (2:BOOLEAN) <- [true]
2026-09-24 15:52:16 TRACE o.h.o.j.bind --- binding parameter (3:TIMESTAMP) <- [2026-09-24T15:52:16.655990170]
2026-09-24 15:52:16 TRACE o.h.o.j.bind --- binding parameter (4:VARCHAR) <- [eyJhbGciOiJIUzI1NiJ9.eyJzdWIiOiIxIiwiaWF0IjoxNzkwMjQ1MzM2LCJleHAiOjE3OTA3NjM3MzZ9.EszkEf8uAFWW7aB_FXzq2bvabmwT3YjeMaD0l7VHg0E]
2026-09-24 15:52:16 TRACE o.h.o.j.bind --- binding parameter (5:BIGINT) <- [1]
2026-09-24 15:52:16 INFO  c.t.f.s.s.AuthService --- Login Success
2026-09-24 15:52:45 DEBUG o.h.SQL --- select u1_0.id,u1_0.base_currency,u1_0.created_at,u1_0.email,u1_0.is_active,u1_0.name,u1_0.password,u1_0.role,u1_0.total_balance,u1_0.updated_at from users u1_0 where u1_0.id=?
2026-09-24 15:52:45 TRACE o.h.o.j.bind --- binding parameter (1:BIGINT) <- [1]
2026-09-24 15:52:45 WARN  o.s.w.s.m.m.a.ExceptionHandlerExceptionResolver --- Resolved [org.springframework.web.method.annotation.MethodArgumentTypeMismatchException: Method parameter 'date': Failed to convert value of type 'java.lang.String' to required type 'java.time.LocalDateTime'; Failed to convert from type [java.lang.String] to type [@org.springframework.web.bind.annotation.RequestParam java.time.LocalDateTime] for value [2026-09-19]]
2026-09-24 15:53:12 DEBUG o.h.SQL --- select u1_0.id,u1_0.base_currency,u1_0.created_at,u1_0.email,u1_0.is_active,u1_0.name,u1_0.password,u1_0.role,u1_0.total_balance,u1_0.updated_at from users u1_0 where u1_0.id=?
2026-09-24 15:53:12 TRACE o.h.o.j.bind --- binding parameter (1:BIGINT) <- [1]
2026-09-24 15:53:12 INFO  c.t.f.t.TransactionService --- Fetching transactions for userId: 1
2026-09-24 15:53:12 INFO  c.t.f.t.TransactionService --- Fetched transactions for userId: 1
2026-09-24 15:53:12 DEBUG o.h.SQL --- select t1_0.id,t1_0.amount,t1_0.category_id,t1_0.description,t1_0.transaction_date,t1_0.transaction_type,t1_0.user_id from transaction t1_0 where t1_0.user_id=? and 1=1 and 1=1 and 1=1 and t1_0.transaction_date>=? and t1_0.transaction_date<? and 1=1 and 1=1 order by t1_0.transaction_date desc offset ? rows fetch first ? rows only
2026-09-24 15:53:12 TRACE o.h.o.j.bind --- binding parameter (1:BIGINT) <- [1]
2026-09-24 15:53:12 TRACE o.h.o.j.bind --- binding parameter (2:TIMESTAMP) <- [2026-09-19T00:00]
2026-09-24 15:53:12 TRACE o.h.o.j.bind --- binding parameter (3:TIMESTAMP) <- [2026-09-20T00:00]
2026-09-24 15:53:12 TRACE o.h.o.j.bind --- binding parameter (4:INTEGER) <- [0]
2026-09-24 15:53:12 TRACE o.h.o.j.bind --- binding parameter (5:INTEGER) <- [5]
2026-09-24 15:53:12 DEBUG o.h.SQL --- select c1_0.id,c1_0.description,c1_0.icon,c1_0.is_default,c1_0.name,c1_0.transaction_type,u1_0.id,u1_0.base_currency,u1_0.created_at,u1_0.email,u1_0.is_active,u1_0.name,u1_0.password,u1_0.role,u1_0.total_balance,u1_0.updated_at from category c1_0 left join users u1_0 on u1_0.id=c1_0.user_id where c1_0.id=?
2026-09-24 15:53:12 TRACE o.h.o.j.bind --- binding parameter (1:BIGINT) <- [1]
2026-09-24 15:53:12 WARN  o.s.d.w.c.SpringDataJackson3Configuration$PageModule$WarningLoggingModifier --- Serializing PageImpl instances as-is is not supported, meaning that there is no guarantee about the stability of the resulting JSON structure!
	For a stable JSON structure, please use Spring Data's PagedModel (globally via @EnableSpringDataWebSupport(pageSerializationMode = VIA_DTO))
	or Spring HATEOAS and Spring Data's PagedResourcesAssembler as documented in https://docs.spring.io/spring-data/commons/reference/repositories/core-extensions.html#core.web.pageables.

2026-09-24 15:54:45 INFO  o.s.b.t.GracefulShutdown --- Commencing graceful shutdown. Waiting for active requests to complete
2026-09-24 15:54:45 INFO  o.s.b.t.GracefulShutdown --- Graceful shutdown complete
2026-09-24 15:54:45 INFO  o.s.o.j.LocalContainerEntityManagerFactoryBean --- Closing JPA EntityManagerFactory for persistence unit 'default'
2026-09-24 15:54:45 INFO  c.z.h.HikariDataSource --- HikariPool-1 - Shutdown initiated...
2026-09-24 15:54:45 INFO  c.z.h.HikariDataSource --- HikariPool-1 - Shutdown completed.
2026-09-24 15:54:48 INFO  o.h.v.i.u.Version --- HV000001: Hibernate Validator 9.1.3.Final
2026-09-24 15:54:48 INFO  c.t.f.FinsightApplication --- Starting FinsightApplication using Java 21.0.12.1 with PID 49456 (/home/abdul-rahman/Project/finsight/target/classes started by abdul-rahman in /home/abdul-rahman/Project/finsight)
2026-09-24 15:54:48 DEBUG c.t.f.FinsightApplication --- Running with Spring Boot v4.1.1, Spring v7.0.9
2026-09-24 15:54:48 INFO  c.t.f.FinsightApplication --- No active profile set, falling back to 1 default profile: "default"
2026-09-24 15:54:48 INFO  o.s.b.d.e.DevToolsPropertyDefaultsPostProcessor --- Devtools property defaults active! Set 'spring.devtools.add-properties' to 'false' to disable
2026-09-24 15:54:48 INFO  o.s.b.d.e.DevToolsPropertyDefaultsPostProcessor --- For additional web related logging consider setting the 'logging.level.web' property to 'DEBUG'
2026-09-24 15:54:48 INFO  o.s.d.r.c.RepositoryConfigurationDelegate --- Bootstrapping Spring Data JPA repositories in DEFAULT mode.
2026-09-24 15:54:48 INFO  o.s.d.r.c.RepositoryConfigurationDelegate --- Finished Spring Data repository scanning in 40 ms. Found 5 JPA repository interfaces.
2026-09-24 15:54:49 INFO  o.s.b.t.TomcatWebServer --- Tomcat initialized with port 8080 (http)
2026-09-24 15:54:49 INFO  o.a.c.h.Http11NioProtocol --- Initializing ProtocolHandler ["http-nio-8080"]
2026-09-24 15:54:49 INFO  o.a.c.c.StandardService --- Starting service [Tomcat]
2026-09-24 15:54:49 INFO  o.a.c.c.StandardEngine --- Starting Servlet engine: [Apache Tomcat/11.0.24]
2026-09-24 15:54:49 INFO  o.s.b.w.c.s.WebApplicationContextInitializer --- Root WebApplicationContext: initialization completed in 1016 ms
2026-09-24 15:54:49 INFO  o.h.o.jpa --- HHH008540: Processing PersistenceUnitInfo [name: default]
2026-09-24 15:54:49 INFO  o.h.o.core --- HHH000001: Hibernate ORM core version 7.4.5.Final
2026-09-24 15:54:49 INFO  o.s.o.j.p.SpringPersistenceUnitInfo --- No LoadTimeWeaver setup: ignoring JPA class transformer
2026-09-24 15:54:49 INFO  c.z.h.HikariDataSource --- HikariPool-1 - Starting...
2026-09-24 15:54:49 INFO  c.z.h.p.HikariPool --- HikariPool-1 - Added connection org.postgresql.jdbc.PgConnection@1c7419b3
2026-09-24 15:54:49 INFO  c.z.h.HikariDataSource --- HikariPool-1 - Start completed.
2026-09-24 15:54:49 INFO  o.h.o.c.pooling --- HHH10001005: Database info:
	Database JDBC URL [jdbc:postgresql://localhost:5432/finsight]
	Database driver: PostgreSQL JDBC Driver
	Database dialect: PostgreSQLDialect
	Database version: 18.6
	Default catalog/schema: finsight/public
	Autocommit mode: undefined/unknown
	Isolation level: READ_COMMITTED [default READ_COMMITTED]
	JDBC fetch size: none
	Pool: DataSourceConnectionProvider
	Minimum pool size: undefined/unknown
	Maximum pool size: undefined/unknown
2026-09-24 15:54:50 INFO  o.h.o.core --- HHH000489: No JTA platform available (set 'hibernate.transaction.jta.platform' to enable JTA platform integration)
2026-09-24 15:54:50 INFO  o.s.o.j.LocalContainerEntityManagerFactoryBean --- Initialized JPA EntityManagerFactory for persistence unit 'default'
2026-09-24 15:54:50 INFO  o.s.d.j.r.q.QueryEnhancerFactories --- Hibernate is in classpath; If applicable, HQL parser will be used.
2026-09-24 15:54:51 WARN  o.s.b.j.a.JpaBaseConfiguration$JpaWebConfiguration --- spring.jpa.open-in-view is enabled by default. Therefore, database queries may be performed during view rendering. Explicitly configure spring.jpa.open-in-view to disable this warning
2026-09-24 15:54:51 DEBUG c.t.f.s.f.JwtAuthFilter --- Filter 'jwtAuthFilter' configured for use
2026-09-24 15:54:51 INFO  o.s.s.c.a.a.c.InitializeUserDetailsBeanManagerConfigurer$InitializeUserDetailsManagerConfigurer --- Global AuthenticationManager configured with UserDetailsService bean with name userService
2026-09-24 15:54:51 INFO  o.a.c.h.Http11NioProtocol --- Starting ProtocolHandler ["http-nio-8080"]
2026-09-24 15:54:51 INFO  o.s.b.t.TomcatWebServer --- Tomcat started on port 8080 (http) with context path '/'
2026-09-24 15:54:51 INFO  c.t.f.FinsightApplication --- Started FinsightApplication in 3.933 seconds (process running for 4.34)
2026-09-24 15:54:54 INFO  o.a.c.c.C.[.[.[/] --- Initializing Spring DispatcherServlet 'dispatcherServlet'
2026-09-24 15:54:54 INFO  o.s.w.s.DispatcherServlet --- Initializing Servlet 'dispatcherServlet'
2026-09-24 15:54:54 INFO  o.s.w.s.DispatcherServlet --- Completed initialization in 2 ms
2026-09-24 15:54:54 DEBUG o.h.SQL --- select u1_0.id,u1_0.base_currency,u1_0.created_at,u1_0.email,u1_0.is_active,u1_0.name,u1_0.password,u1_0.role,u1_0.total_balance,u1_0.updated_at from users u1_0 where u1_0.id=?
2026-09-24 15:54:54 TRACE o.h.o.j.bind --- binding parameter (1:BIGINT) <- [1]
2026-09-24 15:54:54 INFO  c.t.f.t.TransactionService --- Fetching transactions for userId: 1
2026-09-24 15:54:54 INFO  c.t.f.t.TransactionService --- Fetched transactions for userId: 1
2026-09-24 15:54:54 DEBUG o.h.SQL --- select t1_0.id,t1_0.amount,t1_0.category_id,t1_0.description,t1_0.transaction_date,t1_0.transaction_type,t1_0.user_id from transaction t1_0 where t1_0.user_id=? and 1=1 and 1=1 and 1=1 and t1_0.transaction_date>=? and t1_0.transaction_date<? and 1=1 and 1=1 order by t1_0.transaction_date desc offset ? rows fetch first ? rows only
2026-09-24 15:54:54 TRACE o.h.o.j.bind --- binding parameter (1:BIGINT) <- [1]
2026-09-24 15:54:54 TRACE o.h.o.j.bind --- binding parameter (2:TIMESTAMP) <- [2026-09-19T00:00]
2026-09-24 15:54:54 TRACE o.h.o.j.bind --- binding parameter (3:TIMESTAMP) <- [2026-09-20T00:00]
2026-09-24 15:54:54 TRACE o.h.o.j.bind --- binding parameter (4:INTEGER) <- [0]
2026-09-24 15:54:54 TRACE o.h.o.j.bind --- binding parameter (5:INTEGER) <- [5]
2026-09-24 15:54:54 DEBUG o.h.SQL --- select c1_0.id,c1_0.description,c1_0.icon,c1_0.is_default,c1_0.name,c1_0.transaction_type,u1_0.id,u1_0.base_currency,u1_0.created_at,u1_0.email,u1_0.is_active,u1_0.name,u1_0.password,u1_0.role,u1_0.total_balance,u1_0.updated_at from category c1_0 left join users u1_0 on u1_0.id=c1_0.user_id where c1_0.id=?
2026-09-24 15:54:54 TRACE o.h.o.j.bind --- binding parameter (1:BIGINT) <- [1]
2026-09-24 15:54:54 WARN  o.s.d.w.c.SpringDataJackson3Configuration$PageModule$WarningLoggingModifier --- Serializing PageImpl instances as-is is not supported, meaning that there is no guarantee about the stability of the resulting JSON structure!
	For a stable JSON structure, please use Spring Data's PagedModel (globally via @EnableSpringDataWebSupport(pageSerializationMode = VIA_DTO))
	or Spring HATEOAS and Spring Data's PagedResourcesAssembler as documented in https://docs.spring.io/spring-data/commons/reference/repositories/core-extensions.html#core.web.pageables.

2026-09-24 15:55:02 DEBUG o.h.SQL --- select u1_0.id,u1_0.base_currency,u1_0.created_at,u1_0.email,u1_0.is_active,u1_0.name,u1_0.password,u1_0.role,u1_0.total_balance,u1_0.updated_at from users u1_0 where u1_0.id=?
2026-09-24 15:55:02 TRACE o.h.o.j.bind --- binding parameter (1:BIGINT) <- [1]
2026-09-24 15:55:02 WARN  o.s.w.s.m.m.a.ExceptionHandlerExceptionResolver --- Resolved [org.springframework.web.method.annotation.MethodArgumentTypeMismatchException: Method parameter 'date': Failed to convert value of type 'java.lang.String' to required type 'java.time.LocalDateTime'; Failed to convert from type [java.lang.String] to type [@org.springframework.format.annotation.DateTimeFormat @org.springframework.web.bind.annotation.RequestParam java.time.LocalDateTime] for value [2026-09-19]]
2026-09-24 16:03:18 WARN  o.s.w.s.m.m.a.ExceptionHandlerExceptionResolver --- Resolved [io.jsonwebtoken.ExpiredJwtException: JWT expired 62839 milliseconds ago at 2026-09-24T10:32:16.000Z. Current time: 2026-09-24T10:33:18.839Z. Allowed clock skew: 0 milliseconds.]
2026-09-24 16:05:14 DEBUG o.h.SQL --- select u1_0.id,u1_0.base_currency,u1_0.created_at,u1_0.email,u1_0.is_active,u1_0.name,u1_0.password,u1_0.role,u1_0.total_balance,u1_0.updated_at from users u1_0 where u1_0.email=?
2026-09-24 16:05:14 TRACE o.h.o.j.bind --- binding parameter (1:VARCHAR) <- [user2@gmail.com]
2026-09-24 16:05:14 DEBUG o.h.SQL --- select s1_0.id,s1_0.created_at,s1_0.is_valid,s1_0.last_used_at,s1_0.refresh_token,s1_0.user_id from session s1_0 where s1_0.user_id=?
2026-09-24 16:05:14 TRACE o.h.o.j.bind --- binding parameter (1:BIGINT) <- [1]
2026-09-24 16:05:14 DEBUG o.h.SQL --- delete from session where id=?
2026-09-24 16:05:14 TRACE o.h.o.j.bind --- binding parameter (1:BIGINT) <- [19]
2026-09-24 16:05:14 DEBUG o.h.SQL --- insert into session (created_at,is_valid,last_used_at,refresh_token,user_id) values (?,?,?,?,?)
2026-09-24 16:05:14 TRACE o.h.o.j.bind --- binding parameter (1:TIMESTAMP) <- [2026-09-24T16:05:14.409715]
2026-09-24 16:05:14 TRACE o.h.o.j.bind --- binding parameter (2:BOOLEAN) <- [true]
2026-09-24 16:05:14 TRACE o.h.o.j.bind --- binding parameter (3:TIMESTAMP) <- [2026-09-24T16:05:14.406212310]
2026-09-24 16:05:14 TRACE o.h.o.j.bind --- binding parameter (4:VARCHAR) <- [eyJhbGciOiJIUzI1NiJ9.eyJzdWIiOiIxIiwiaWF0IjoxNzkwMjQ2MTE0LCJleHAiOjE3OTA3NjQ1MTR9.7D47vKowRyjbBvejXRGioQmwL-nBp8WX2AHt1DR3PSo]
2026-09-24 16:05:14 TRACE o.h.o.j.bind --- binding parameter (5:BIGINT) <- [1]
2026-09-24 16:05:14 INFO  c.t.f.s.s.AuthService --- Login Success
2026-09-24 16:06:05 DEBUG o.h.SQL --- select u1_0.id,u1_0.base_currency,u1_0.created_at,u1_0.email,u1_0.is_active,u1_0.name,u1_0.password,u1_0.role,u1_0.total_balance,u1_0.updated_at from users u1_0 where u1_0.id=?
2026-09-24 16:06:05 TRACE o.h.o.j.bind --- binding parameter (1:BIGINT) <- [1]
2026-09-24 16:06:05 DEBUG o.h.SQL --- select u1_0.id,u1_0.base_currency,u1_0.created_at,u1_0.email,u1_0.is_active,u1_0.name,u1_0.password,u1_0.role,u1_0.total_balance,u1_0.updated_at from users u1_0 where u1_0.id=?
2026-09-24 16:06:05 TRACE o.h.o.j.bind --- binding parameter (1:BIGINT) <- [1]
2026-09-24 16:06:05 DEBUG o.h.SQL --- select c1_0.id,c1_0.description,c1_0.icon,c1_0.is_default,c1_0.name,c1_0.transaction_type,c1_0.user_id from category c1_0 where c1_0.id=? and c1_0.user_id=?
2026-09-24 16:06:05 TRACE o.h.o.j.bind --- binding parameter (1:BIGINT) <- [1]
2026-09-24 16:06:05 TRACE o.h.o.j.bind --- binding parameter (2:BIGINT) <- [1]
2026-09-24 16:06:05 INFO  c.t.f.t.TransactionService --- Trying to create a new transaction with categoryId 1
2026-09-24 16:06:05 DEBUG o.h.SQL --- select b1_0.id,b1_0.allocated_amount,b1_0.category_id,b1_0.is_breached,b1_0.month,b1_0.spent_amount,b1_0.user_id from budget b1_0 where b1_0.user_id=? and b1_0.category_id=? and b1_0.month=?
2026-09-24 16:06:05 TRACE o.h.o.j.bind --- binding parameter (1:BIGINT) <- [1]
2026-09-24 16:06:05 TRACE o.h.o.j.bind --- binding parameter (2:BIGINT) <- [1]
2026-09-24 16:06:05 TRACE o.h.o.j.bind --- binding parameter (3:VARCHAR) <- [2026-09]
2026-09-24 16:06:05 INFO  c.t.f.t.TransactionService --- New transaction created. TransactionId: null
2026-09-24 16:06:05 DEBUG o.h.SQL --- insert into transaction (amount,category_id,description,transaction_date,transaction_type,user_id) values (?,?,?,?,?,?)
2026-09-24 16:06:05 TRACE o.h.o.j.bind --- binding parameter (1:NUMERIC) <- [100]
2026-09-24 16:06:05 TRACE o.h.o.j.bind --- binding parameter (2:BIGINT) <- [1]
2026-09-24 16:06:05 TRACE o.h.o.j.bind --- binding parameter (3:VARCHAR) <- [Salary arived 11]
2026-09-24 16:06:05 TRACE o.h.o.j.bind --- binding parameter (4:TIMESTAMP) <- [2026-09-24T16:06:05.887344272]
2026-09-24 16:06:05 TRACE o.h.o.j.bind --- binding parameter (5:VARCHAR) <- [INCOME]
2026-09-24 16:06:05 TRACE o.h.o.j.bind --- binding parameter (6:BIGINT) <- [1]
2026-09-24 16:06:05 DEBUG o.h.SQL --- update users set base_currency=?,email=?,is_active=?,name=?,password=?,role=?,total_balance=?,updated_at=? where id=?
2026-09-24 16:06:05 TRACE o.h.o.j.bind --- binding parameter (1:VARCHAR) <- [null]
2026-09-24 16:06:05 TRACE o.h.o.j.bind --- binding parameter (2:VARCHAR) <- [user2@gmail.com]
2026-09-24 16:06:05 TRACE o.h.o.j.bind --- binding parameter (3:BOOLEAN) <- [true]
2026-09-24 16:06:05 TRACE o.h.o.j.bind --- binding parameter (4:VARCHAR) <- [testuser2]
2026-09-24 16:06:05 TRACE o.h.o.j.bind --- binding parameter (5:VARCHAR) <- [$2a$10$O5cgh3Eb9hppbMTd6bBYyu1c1sH8eSkkCIzvASxZoajDwqJxUg/1.]
2026-09-24 16:06:05 TRACE o.h.o.j.bind --- binding parameter (6:VARCHAR) <- [USER]
2026-09-24 16:06:05 TRACE o.h.o.j.bind --- binding parameter (7:NUMERIC) <- [600100.00]
2026-09-24 16:06:05 TRACE o.h.o.j.bind --- binding parameter (8:TIMESTAMP) <- [2026-09-24T16:06:05.901845]
2026-09-24 16:06:05 TRACE o.h.o.j.bind --- binding parameter (9:BIGINT) <- [1]
2026-09-24 16:06:12 DEBUG o.h.SQL --- select u1_0.id,u1_0.base_currency,u1_0.created_at,u1_0.email,u1_0.is_active,u1_0.name,u1_0.password,u1_0.role,u1_0.total_balance,u1_0.updated_at from users u1_0 where u1_0.id=?
2026-09-24 16:06:12 TRACE o.h.o.j.bind --- binding parameter (1:BIGINT) <- [1]
2026-09-24 16:06:12 DEBUG o.h.SQL --- select u1_0.id,u1_0.base_currency,u1_0.created_at,u1_0.email,u1_0.is_active,u1_0.name,u1_0.password,u1_0.role,u1_0.total_balance,u1_0.updated_at from users u1_0 where u1_0.id=?
2026-09-24 16:06:12 TRACE o.h.o.j.bind --- binding parameter (1:BIGINT) <- [1]
2026-09-24 16:06:12 DEBUG o.h.SQL --- select c1_0.id,c1_0.description,c1_0.icon,c1_0.is_default,c1_0.name,c1_0.transaction_type,c1_0.user_id from category c1_0 where c1_0.id=? and c1_0.user_id=?
2026-09-24 16:06:12 TRACE o.h.o.j.bind --- binding parameter (1:BIGINT) <- [1]
2026-09-24 16:06:12 TRACE o.h.o.j.bind --- binding parameter (2:BIGINT) <- [1]
2026-09-24 16:06:12 INFO  c.t.f.t.TransactionService --- Trying to create a new transaction with categoryId 1
2026-09-24 16:06:12 DEBUG o.h.SQL --- select b1_0.id,b1_0.allocated_amount,b1_0.category_id,b1_0.is_breached,b1_0.month,b1_0.spent_amount,b1_0.user_id from budget b1_0 where b1_0.user_id=? and b1_0.category_id=? and b1_0.month=?
2026-09-24 16:06:12 TRACE o.h.o.j.bind --- binding parameter (1:BIGINT) <- [1]
2026-09-24 16:06:12 TRACE o.h.o.j.bind --- binding parameter (2:BIGINT) <- [1]
2026-09-24 16:06:12 TRACE o.h.o.j.bind --- binding parameter (3:VARCHAR) <- [2026-09]
2026-09-24 16:06:12 INFO  c.t.f.t.TransactionService --- New transaction created. TransactionId: null
2026-09-24 16:06:12 DEBUG o.h.SQL --- insert into transaction (amount,category_id,description,transaction_date,transaction_type,user_id) values (?,?,?,?,?,?)
2026-09-24 16:06:12 TRACE o.h.o.j.bind --- binding parameter (1:NUMERIC) <- [2000]
2026-09-24 16:06:12 TRACE o.h.o.j.bind --- binding parameter (2:BIGINT) <- [1]
2026-09-24 16:06:12 TRACE o.h.o.j.bind --- binding parameter (3:VARCHAR) <- [Salary arived 11]
2026-09-24 16:06:12 TRACE o.h.o.j.bind --- binding parameter (4:TIMESTAMP) <- [2026-09-24T16:06:12.316775973]
2026-09-24 16:06:12 TRACE o.h.o.j.bind --- binding parameter (5:VARCHAR) <- [INCOME]
2026-09-24 16:06:12 TRACE o.h.o.j.bind --- binding parameter (6:BIGINT) <- [1]
2026-09-24 16:06:12 DEBUG o.h.SQL --- update users set base_currency=?,email=?,is_active=?,name=?,password=?,role=?,total_balance=?,updated_at=? where id=?
2026-09-24 16:06:12 TRACE o.h.o.j.bind --- binding parameter (1:VARCHAR) <- [null]
2026-09-24 16:06:12 TRACE o.h.o.j.bind --- binding parameter (2:VARCHAR) <- [user2@gmail.com]
2026-09-24 16:06:12 TRACE o.h.o.j.bind --- binding parameter (3:BOOLEAN) <- [true]
2026-09-24 16:06:12 TRACE o.h.o.j.bind --- binding parameter (4:VARCHAR) <- [testuser2]
2026-09-24 16:06:12 TRACE o.h.o.j.bind --- binding parameter (5:VARCHAR) <- [$2a$10$O5cgh3Eb9hppbMTd6bBYyu1c1sH8eSkkCIzvASxZoajDwqJxUg/1.]
2026-09-24 16:06:12 TRACE o.h.o.j.bind --- binding parameter (6:VARCHAR) <- [USER]
2026-09-24 16:06:12 TRACE o.h.o.j.bind --- binding parameter (7:NUMERIC) <- [602100.00]
2026-09-24 16:06:12 TRACE o.h.o.j.bind --- binding parameter (8:TIMESTAMP) <- [2026-09-24T16:06:12.323289]
2026-09-24 16:06:12 TRACE o.h.o.j.bind --- binding parameter (9:BIGINT) <- [1]
2026-09-24 16:06:18 DEBUG o.h.SQL --- select u1_0.id,u1_0.base_currency,u1_0.created_at,u1_0.email,u1_0.is_active,u1_0.name,u1_0.password,u1_0.role,u1_0.total_balance,u1_0.updated_at from users u1_0 where u1_0.id=?
2026-09-24 16:06:18 TRACE o.h.o.j.bind --- binding parameter (1:BIGINT) <- [1]
2026-09-24 16:06:18 DEBUG o.h.SQL --- select u1_0.id,u1_0.base_currency,u1_0.created_at,u1_0.email,u1_0.is_active,u1_0.name,u1_0.password,u1_0.role,u1_0.total_balance,u1_0.updated_at from users u1_0 where u1_0.id=?
2026-09-24 16:06:18 TRACE o.h.o.j.bind --- binding parameter (1:BIGINT) <- [1]
2026-09-24 16:06:18 DEBUG o.h.SQL --- select c1_0.id,c1_0.description,c1_0.icon,c1_0.is_default,c1_0.name,c1_0.transaction_type,c1_0.user_id from category c1_0 where c1_0.id=? and c1_0.user_id=?
2026-09-24 16:06:18 TRACE o.h.o.j.bind --- binding parameter (1:BIGINT) <- [1]
2026-09-24 16:06:18 TRACE o.h.o.j.bind --- binding parameter (2:BIGINT) <- [1]
2026-09-24 16:06:18 INFO  c.t.f.t.TransactionService --- Trying to create a new transaction with categoryId 1
2026-09-24 16:06:18 DEBUG o.h.SQL --- select b1_0.id,b1_0.allocated_amount,b1_0.category_id,b1_0.is_breached,b1_0.month,b1_0.spent_amount,b1_0.user_id from budget b1_0 where b1_0.user_id=? and b1_0.category_id=? and b1_0.month=?
2026-09-24 16:06:18 TRACE o.h.o.j.bind --- binding parameter (1:BIGINT) <- [1]
2026-09-24 16:06:18 TRACE o.h.o.j.bind --- binding parameter (2:BIGINT) <- [1]
2026-09-24 16:06:18 TRACE o.h.o.j.bind --- binding parameter (3:VARCHAR) <- [2026-09]
2026-09-24 16:06:18 INFO  c.t.f.t.TransactionService --- New transaction created. TransactionId: null
2026-09-24 16:06:18 DEBUG o.h.SQL --- insert into transaction (amount,category_id,description,transaction_date,transaction_type,user_id) values (?,?,?,?,?,?)
2026-09-24 16:06:18 TRACE o.h.o.j.bind --- binding parameter (1:NUMERIC) <- [20]
2026-09-24 16:06:18 TRACE o.h.o.j.bind --- binding parameter (2:BIGINT) <- [1]
2026-09-24 16:06:18 TRACE o.h.o.j.bind --- binding parameter (3:VARCHAR) <- [Salary arived 11]
2026-09-24 16:06:18 TRACE o.h.o.j.bind --- binding parameter (4:TIMESTAMP) <- [2026-09-24T16:06:18.097281889]
2026-09-24 16:06:18 TRACE o.h.o.j.bind --- binding parameter (5:VARCHAR) <- [INCOME]
2026-09-24 16:06:18 TRACE o.h.o.j.bind --- binding parameter (6:BIGINT) <- [1]
2026-09-24 16:06:18 DEBUG o.h.SQL --- update users set base_currency=?,email=?,is_active=?,name=?,password=?,role=?,total_balance=?,updated_at=? where id=?
2026-09-24 16:06:18 TRACE o.h.o.j.bind --- binding parameter (1:VARCHAR) <- [null]
2026-09-24 16:06:18 TRACE o.h.o.j.bind --- binding parameter (2:VARCHAR) <- [user2@gmail.com]
2026-09-24 16:06:18 TRACE o.h.o.j.bind --- binding parameter (3:BOOLEAN) <- [true]
2026-09-24 16:06:18 TRACE o.h.o.j.bind --- binding parameter (4:VARCHAR) <- [testuser2]
2026-09-24 16:06:18 TRACE o.h.o.j.bind --- binding parameter (5:VARCHAR) <- [$2a$10$O5cgh3Eb9hppbMTd6bBYyu1c1sH8eSkkCIzvASxZoajDwqJxUg/1.]
2026-09-24 16:06:18 TRACE o.h.o.j.bind --- binding parameter (6:VARCHAR) <- [USER]
2026-09-24 16:06:18 TRACE o.h.o.j.bind --- binding parameter (7:NUMERIC) <- [602120.00]
2026-09-24 16:06:18 TRACE o.h.o.j.bind --- binding parameter (8:TIMESTAMP) <- [2026-09-24T16:06:18.103707]
2026-09-24 16:06:18 TRACE o.h.o.j.bind --- binding parameter (9:BIGINT) <- [1]
2026-09-24 16:06:23 DEBUG o.h.SQL --- select u1_0.id,u1_0.base_currency,u1_0.created_at,u1_0.email,u1_0.is_active,u1_0.name,u1_0.password,u1_0.role,u1_0.total_balance,u1_0.updated_at from users u1_0 where u1_0.id=?
2026-09-24 16:06:23 TRACE o.h.o.j.bind --- binding parameter (1:BIGINT) <- [1]
2026-09-24 16:06:23 DEBUG o.h.SQL --- select u1_0.id,u1_0.base_currency,u1_0.created_at,u1_0.email,u1_0.is_active,u1_0.name,u1_0.password,u1_0.role,u1_0.total_balance,u1_0.updated_at from users u1_0 where u1_0.id=?
2026-09-24 16:06:23 TRACE o.h.o.j.bind --- binding parameter (1:BIGINT) <- [1]
2026-09-24 16:06:23 DEBUG o.h.SQL --- select c1_0.id,c1_0.description,c1_0.icon,c1_0.is_default,c1_0.name,c1_0.transaction_type,c1_0.user_id from category c1_0 where c1_0.id=? and c1_0.user_id=?
2026-09-24 16:06:23 TRACE o.h.o.j.bind --- binding parameter (1:BIGINT) <- [1]
2026-09-24 16:06:23 TRACE o.h.o.j.bind --- binding parameter (2:BIGINT) <- [1]
2026-09-24 16:06:23 INFO  c.t.f.t.TransactionService --- Trying to create a new transaction with categoryId 1
2026-09-24 16:06:23 DEBUG o.h.SQL --- select b1_0.id,b1_0.allocated_amount,b1_0.category_id,b1_0.is_breached,b1_0.month,b1_0.spent_amount,b1_0.user_id from budget b1_0 where b1_0.user_id=? and b1_0.category_id=? and b1_0.month=?
2026-09-24 16:06:23 TRACE o.h.o.j.bind --- binding parameter (1:BIGINT) <- [1]
2026-09-24 16:06:23 TRACE o.h.o.j.bind --- binding parameter (2:BIGINT) <- [1]
2026-09-24 16:06:23 TRACE o.h.o.j.bind --- binding parameter (3:VARCHAR) <- [2026-09]
2026-09-24 16:06:23 INFO  c.t.f.t.TransactionService --- New transaction created. TransactionId: null
2026-09-24 16:06:23 DEBUG o.h.SQL --- insert into transaction (amount,category_id,description,transaction_date,transaction_type,user_id) values (?,?,?,?,?,?)
2026-09-24 16:06:23 TRACE o.h.o.j.bind --- binding parameter (1:NUMERIC) <- [345]
2026-09-24 16:06:23 TRACE o.h.o.j.bind --- binding parameter (2:BIGINT) <- [1]
2026-09-24 16:06:23 TRACE o.h.o.j.bind --- binding parameter (3:VARCHAR) <- [Salary arived 11]
2026-09-24 16:06:23 TRACE o.h.o.j.bind --- binding parameter (4:TIMESTAMP) <- [2026-09-24T16:06:23.994814495]
2026-09-24 16:06:23 TRACE o.h.o.j.bind --- binding parameter (5:VARCHAR) <- [INCOME]
2026-09-24 16:06:23 TRACE o.h.o.j.bind --- binding parameter (6:BIGINT) <- [1]
2026-09-24 16:06:24 DEBUG o.h.SQL --- update users set base_currency=?,email=?,is_active=?,name=?,password=?,role=?,total_balance=?,updated_at=? where id=?
2026-09-24 16:06:24 TRACE o.h.o.j.bind --- binding parameter (1:VARCHAR) <- [null]
2026-09-24 16:06:24 TRACE o.h.o.j.bind --- binding parameter (2:VARCHAR) <- [user2@gmail.com]
2026-09-24 16:06:24 TRACE o.h.o.j.bind --- binding parameter (3:BOOLEAN) <- [true]
2026-09-24 16:06:24 TRACE o.h.o.j.bind --- binding parameter (4:VARCHAR) <- [testuser2]
2026-09-24 16:06:24 TRACE o.h.o.j.bind --- binding parameter (5:VARCHAR) <- [$2a$10$O5cgh3Eb9hppbMTd6bBYyu1c1sH8eSkkCIzvASxZoajDwqJxUg/1.]
2026-09-24 16:06:24 TRACE o.h.o.j.bind --- binding parameter (6:VARCHAR) <- [USER]
2026-09-24 16:06:24 TRACE o.h.o.j.bind --- binding parameter (7:NUMERIC) <- [602465.00]
2026-09-24 16:06:24 TRACE o.h.o.j.bind --- binding parameter (8:TIMESTAMP) <- [2026-09-24T16:06:24.000554]
2026-09-24 16:06:24 TRACE o.h.o.j.bind --- binding parameter (9:BIGINT) <- [1]
2026-09-24 16:07:02 DEBUG o.h.SQL --- select u1_0.id,u1_0.base_currency,u1_0.created_at,u1_0.email,u1_0.is_active,u1_0.name,u1_0.password,u1_0.role,u1_0.total_balance,u1_0.updated_at from users u1_0 where u1_0.id=?
2026-09-24 16:07:02 TRACE o.h.o.j.bind --- binding parameter (1:BIGINT) <- [1]
2026-09-24 16:07:02 INFO  c.t.f.t.TransactionService --- Fetching transactions for userId: 1
2026-09-24 16:07:02 INFO  c.t.f.t.TransactionService --- Fetched transactions for userId: 1
2026-09-24 16:07:02 DEBUG o.h.SQL --- select t1_0.id,t1_0.amount,t1_0.category_id,t1_0.description,t1_0.transaction_date,t1_0.transaction_type,t1_0.user_id from transaction t1_0 where t1_0.user_id=? and 1=1 and 1=1 and 1=1 and 1=1 and t1_0.amount between ? and ? and 1=1 order by t1_0.transaction_date desc offset ? rows fetch first ? rows only
2026-09-24 16:07:02 TRACE o.h.o.j.bind --- binding parameter (1:BIGINT) <- [1]
2026-09-24 16:07:02 TRACE o.h.o.j.bind --- binding parameter (2:NUMERIC) <- [1]
2026-09-24 16:07:02 TRACE o.h.o.j.bind --- binding parameter (3:NUMERIC) <- [4000]
2026-09-24 16:07:02 TRACE o.h.o.j.bind --- binding parameter (4:INTEGER) <- [0]
2026-09-24 16:07:02 TRACE o.h.o.j.bind --- binding parameter (5:INTEGER) <- [5]
2026-09-24 16:07:02 DEBUG o.h.SQL --- select c1_0.id,c1_0.description,c1_0.icon,c1_0.is_default,c1_0.name,c1_0.transaction_type,u1_0.id,u1_0.base_currency,u1_0.created_at,u1_0.email,u1_0.is_active,u1_0.name,u1_0.password,u1_0.role,u1_0.total_balance,u1_0.updated_at from category c1_0 left join users u1_0 on u1_0.id=c1_0.user_id where c1_0.id=?
2026-09-24 16:07:02 TRACE o.h.o.j.bind --- binding parameter (1:BIGINT) <- [1]
2026-09-24 16:07:37 DEBUG o.h.SQL --- select u1_0.id,u1_0.base_currency,u1_0.created_at,u1_0.email,u1_0.is_active,u1_0.name,u1_0.password,u1_0.role,u1_0.total_balance,u1_0.updated_at from users u1_0 where u1_0.id=?
2026-09-24 16:07:37 TRACE o.h.o.j.bind --- binding parameter (1:BIGINT) <- [1]
2026-09-24 16:07:37 INFO  c.t.f.t.TransactionService --- Fetching transactions for userId: 1
2026-09-24 16:07:37 INFO  c.t.f.t.TransactionService --- Fetched transactions for userId: 1
2026-09-24 16:07:37 DEBUG o.h.SQL --- select t1_0.id,t1_0.amount,t1_0.category_id,t1_0.description,t1_0.transaction_date,t1_0.transaction_type,t1_0.user_id from transaction t1_0 where t1_0.user_id=? and 1=1 and 1=1 and 1=1 and 1=1 and t1_0.amount<=? and 1=1 order by t1_0.transaction_date desc offset ? rows fetch first ? rows only
2026-09-24 16:07:37 TRACE o.h.o.j.bind --- binding parameter (1:BIGINT) <- [1]
2026-09-24 16:07:37 TRACE o.h.o.j.bind --- binding parameter (2:NUMERIC) <- [4000]
2026-09-24 16:07:37 TRACE o.h.o.j.bind --- binding parameter (3:INTEGER) <- [0]
2026-09-24 16:07:37 TRACE o.h.o.j.bind --- binding parameter (4:INTEGER) <- [5]
2026-09-24 16:07:37 DEBUG o.h.SQL --- select c1_0.id,c1_0.description,c1_0.icon,c1_0.is_default,c1_0.name,c1_0.transaction_type,u1_0.id,u1_0.base_currency,u1_0.created_at,u1_0.email,u1_0.is_active,u1_0.name,u1_0.password,u1_0.role,u1_0.total_balance,u1_0.updated_at from category c1_0 left join users u1_0 on u1_0.id=c1_0.user_id where c1_0.id=?
2026-09-24 16:07:37 TRACE o.h.o.j.bind --- binding parameter (1:BIGINT) <- [1]
2026-09-24 16:07:54 DEBUG o.h.SQL --- select u1_0.id,u1_0.base_currency,u1_0.created_at,u1_0.email,u1_0.is_active,u1_0.name,u1_0.password,u1_0.role,u1_0.total_balance,u1_0.updated_at from users u1_0 where u1_0.id=?
2026-09-24 16:07:54 TRACE o.h.o.j.bind --- binding parameter (1:BIGINT) <- [1]
2026-09-24 16:07:54 INFO  c.t.f.t.TransactionService --- Fetching transactions for userId: 1
2026-09-24 16:07:54 INFO  c.t.f.t.TransactionService --- Fetched transactions for userId: 1
2026-09-24 16:07:54 DEBUG o.h.SQL --- select t1_0.id,t1_0.amount,t1_0.category_id,t1_0.description,t1_0.transaction_date,t1_0.transaction_type,t1_0.user_id from transaction t1_0 where t1_0.user_id=? and 1=1 and 1=1 and 1=1 and 1=1 and t1_0.amount>=? and 1=1 order by t1_0.transaction_date desc offset ? rows fetch first ? rows only
2026-09-24 16:07:54 TRACE o.h.o.j.bind --- binding parameter (1:BIGINT) <- [1]
2026-09-24 16:07:54 TRACE o.h.o.j.bind --- binding parameter (2:NUMERIC) <- [4000]
2026-09-24 16:07:54 TRACE o.h.o.j.bind --- binding parameter (3:INTEGER) <- [0]
2026-09-24 16:07:54 TRACE o.h.o.j.bind --- binding parameter (4:INTEGER) <- [5]
2026-09-24 16:07:54 DEBUG o.h.SQL --- select c1_0.id,c1_0.description,c1_0.icon,c1_0.is_default,c1_0.name,c1_0.transaction_type,u1_0.id,u1_0.base_currency,u1_0.created_at,u1_0.email,u1_0.is_active,u1_0.name,u1_0.password,u1_0.role,u1_0.total_balance,u1_0.updated_at from category c1_0 left join users u1_0 on u1_0.id=c1_0.user_id where c1_0.id=?
2026-09-24 16:07:54 TRACE o.h.o.j.bind --- binding parameter (1:BIGINT) <- [1]
2026-09-24 16:07:54 DEBUG o.h.SQL --- select count(t1_0.id) from transaction t1_0 where t1_0.user_id=? and 1=1 and 1=1 and 1=1 and 1=1 and t1_0.amount>=? and 1=1
2026-09-24 16:07:54 TRACE o.h.o.j.bind --- binding parameter (1:BIGINT) <- [1]
2026-09-24 16:07:54 TRACE o.h.o.j.bind --- binding parameter (2:NUMERIC) <- [4000]
2026-09-24 16:09:07 DEBUG o.h.SQL --- select u1_0.id,u1_0.base_currency,u1_0.created_at,u1_0.email,u1_0.is_active,u1_0.name,u1_0.password,u1_0.role,u1_0.total_balance,u1_0.updated_at from users u1_0 where u1_0.id=?
2026-09-24 16:09:07 TRACE o.h.o.j.bind --- binding parameter (1:BIGINT) <- [1]
2026-09-24 16:09:07 INFO  c.t.f.t.TransactionService --- Fetching transactions for userId: 1
2026-09-24 16:09:07 INFO  c.t.f.t.TransactionService --- Fetched transactions for userId: 1
2026-09-24 16:09:07 DEBUG o.h.SQL --- select t1_0.id,t1_0.amount,t1_0.category_id,t1_0.description,t1_0.transaction_date,t1_0.transaction_type,t1_0.user_id from transaction t1_0 where t1_0.user_id=? and 1=1 and 1=1 and 1=1 and 1=1 and 1=1 and t1_0.amount=? order by t1_0.transaction_date desc offset ? rows fetch first ? rows only
2026-09-24 16:09:07 TRACE o.h.o.j.bind --- binding parameter (1:BIGINT) <- [1]
2026-09-24 16:09:07 TRACE o.h.o.j.bind --- binding parameter (2:NUMERIC) <- [100]
2026-09-24 16:09:07 TRACE o.h.o.j.bind --- binding parameter (3:INTEGER) <- [0]
2026-09-24 16:09:07 TRACE o.h.o.j.bind --- binding parameter (4:INTEGER) <- [5]
2026-09-24 16:09:07 DEBUG o.h.SQL --- select c1_0.id,c1_0.description,c1_0.icon,c1_0.is_default,c1_0.name,c1_0.transaction_type,u1_0.id,u1_0.base_currency,u1_0.created_at,u1_0.email,u1_0.is_active,u1_0.name,u1_0.password,u1_0.role,u1_0.total_balance,u1_0.updated_at from category c1_0 left join users u1_0 on u1_0.id=c1_0.user_id where c1_0.id=?
2026-09-24 16:09:07 TRACE o.h.o.j.bind --- binding parameter (1:BIGINT) <- [1]
2026-09-24 16:09:20 DEBUG o.h.SQL --- select u1_0.id,u1_0.base_currency,u1_0.created_at,u1_0.email,u1_0.is_active,u1_0.name,u1_0.password,u1_0.role,u1_0.total_balance,u1_0.updated_at from users u1_0 where u1_0.id=?
2026-09-24 16:09:20 TRACE o.h.o.j.bind --- binding parameter (1:BIGINT) <- [1]
2026-09-24 16:09:20 INFO  c.t.f.t.TransactionService --- Fetching transactions for userId: 1
2026-09-24 16:09:20 INFO  c.t.f.t.TransactionService --- Fetched transactions for userId: 1
2026-09-24 16:09:20 DEBUG o.h.SQL --- select t1_0.id,t1_0.amount,t1_0.category_id,t1_0.description,t1_0.transaction_date,t1_0.transaction_type,t1_0.user_id from transaction t1_0 where t1_0.user_id=? and 1=1 and 1=1 and 1=1 and 1=1 and 1=1 and t1_0.amount=? order by t1_0.transaction_date desc offset ? rows fetch first ? rows only
2026-09-24 16:09:20 TRACE o.h.o.j.bind --- binding parameter (1:BIGINT) <- [1]
2026-09-24 16:09:20 TRACE o.h.o.j.bind --- binding parameter (2:NUMERIC) <- [100.00]
2026-09-24 16:09:20 TRACE o.h.o.j.bind --- binding parameter (3:INTEGER) <- [0]
2026-09-24 16:09:20 TRACE o.h.o.j.bind --- binding parameter (4:INTEGER) <- [5]
2026-09-24 16:09:20 DEBUG o.h.SQL --- select c1_0.id,c1_0.description,c1_0.icon,c1_0.is_default,c1_0.name,c1_0.transaction_type,u1_0.id,u1_0.base_currency,u1_0.created_at,u1_0.email,u1_0.is_active,u1_0.name,u1_0.password,u1_0.role,u1_0.total_balance,u1_0.updated_at from category c1_0 left join users u1_0 on u1_0.id=c1_0.user_id where c1_0.id=?
2026-09-24 16:09:20 TRACE o.h.o.j.bind --- binding parameter (1:BIGINT) <- [1]
2026-09-24 16:11:55 DEBUG o.h.SQL --- select u1_0.id,u1_0.base_currency,u1_0.created_at,u1_0.email,u1_0.is_active,u1_0.name,u1_0.password,u1_0.role,u1_0.total_balance,u1_0.updated_at from users u1_0 where u1_0.id=?
2026-09-24 16:11:55 TRACE o.h.o.j.bind --- binding parameter (1:BIGINT) <- [1]
2026-09-24 16:11:55 DEBUG o.h.SQL --- select u1_0.id,u1_0.base_currency,u1_0.created_at,u1_0.email,u1_0.is_active,u1_0.name,u1_0.password,u1_0.role,u1_0.total_balance,u1_0.updated_at from users u1_0 where u1_0.id=?
2026-09-24 16:11:55 TRACE o.h.o.j.bind --- binding parameter (1:BIGINT) <- [1]
2026-09-24 16:11:55 DEBUG o.h.SQL --- select c1_0.id,c1_0.description,c1_0.icon,c1_0.is_default,c1_0.name,c1_0.transaction_type,c1_0.user_id from category c1_0 where c1_0.id=? and c1_0.user_id=?
2026-09-24 16:11:55 TRACE o.h.o.j.bind --- binding parameter (1:BIGINT) <- [2]
2026-09-24 16:11:55 TRACE o.h.o.j.bind --- binding parameter (2:BIGINT) <- [1]
2026-09-24 16:11:55 INFO  c.t.f.t.TransactionService --- Trying to create a new transaction with categoryId 2
2026-09-24 16:11:55 DEBUG o.h.SQL --- select b1_0.id,b1_0.allocated_amount,b1_0.category_id,b1_0.is_breached,b1_0.month,b1_0.spent_amount,b1_0.user_id from budget b1_0 where b1_0.user_id=? and b1_0.category_id=? and b1_0.month=?
2026-09-24 16:11:55 TRACE o.h.o.j.bind --- binding parameter (1:BIGINT) <- [1]
2026-09-24 16:11:55 TRACE o.h.o.j.bind --- binding parameter (2:BIGINT) <- [2]
2026-09-24 16:11:55 TRACE o.h.o.j.bind --- binding parameter (3:VARCHAR) <- [2026-09]
2026-09-24 16:11:55 INFO  c.t.f.t.TransactionService --- New transaction created. TransactionId: null
2026-09-24 16:11:55 DEBUG o.h.SQL --- insert into transaction (amount,category_id,description,transaction_date,transaction_type,user_id) values (?,?,?,?,?,?)
2026-09-24 16:11:55 TRACE o.h.o.j.bind --- binding parameter (1:NUMERIC) <- [50]
2026-09-24 16:11:55 TRACE o.h.o.j.bind --- binding parameter (2:BIGINT) <- [2]
2026-09-24 16:11:55 TRACE o.h.o.j.bind --- binding parameter (3:VARCHAR) <- [Shawarma]
2026-09-24 16:11:55 TRACE o.h.o.j.bind --- binding parameter (4:TIMESTAMP) <- [2026-09-24T16:11:55.758614620]
2026-09-24 16:11:55 TRACE o.h.o.j.bind --- binding parameter (5:VARCHAR) <- [EXPENSE]
2026-09-24 16:11:55 TRACE o.h.o.j.bind --- binding parameter (6:BIGINT) <- [1]
2026-09-24 16:11:55 DEBUG o.h.SQL --- update budget set allocated_amount=?,category_id=?,is_breached=?,month=?,spent_amount=?,user_id=? where id=?
2026-09-24 16:11:55 TRACE o.h.o.j.bind --- binding parameter (1:NUMERIC) <- [5000.00]
2026-09-24 16:11:55 TRACE o.h.o.j.bind --- binding parameter (2:BIGINT) <- [2]
2026-09-24 16:11:55 TRACE o.h.o.j.bind --- binding parameter (3:BOOLEAN) <- [false]
2026-09-24 16:11:55 TRACE o.h.o.j.bind --- binding parameter (4:VARCHAR) <- [2026-09]
2026-09-24 16:11:55 TRACE o.h.o.j.bind --- binding parameter (5:NUMERIC) <- [50.00]
2026-09-24 16:11:55 TRACE o.h.o.j.bind --- binding parameter (6:BIGINT) <- [1]
2026-09-24 16:11:55 TRACE o.h.o.j.bind --- binding parameter (7:BIGINT) <- [2]
2026-09-24 16:12:10 DEBUG o.h.SQL --- select u1_0.id,u1_0.base_currency,u1_0.created_at,u1_0.email,u1_0.is_active,u1_0.name,u1_0.password,u1_0.role,u1_0.total_balance,u1_0.updated_at from users u1_0 where u1_0.id=?
2026-09-24 16:12:10 TRACE o.h.o.j.bind --- binding parameter (1:BIGINT) <- [1]
2026-09-24 16:12:10 DEBUG o.h.SQL --- select u1_0.id,u1_0.base_currency,u1_0.created_at,u1_0.email,u1_0.is_active,u1_0.name,u1_0.password,u1_0.role,u1_0.total_balance,u1_0.updated_at from users u1_0 where u1_0.id=?
2026-09-24 16:12:10 TRACE o.h.o.j.bind --- binding parameter (1:BIGINT) <- [1]
2026-09-24 16:12:10 DEBUG o.h.SQL --- select c1_0.id,c1_0.description,c1_0.icon,c1_0.is_default,c1_0.name,c1_0.transaction_type,c1_0.user_id from category c1_0 where c1_0.id=? and c1_0.user_id=?
2026-09-24 16:12:10 TRACE o.h.o.j.bind --- binding parameter (1:BIGINT) <- [2]
2026-09-24 16:12:10 TRACE o.h.o.j.bind --- binding parameter (2:BIGINT) <- [1]
2026-09-24 16:12:10 INFO  c.t.f.t.TransactionService --- Trying to create a new transaction with categoryId 2
2026-09-24 16:12:10 DEBUG o.h.SQL --- select b1_0.id,b1_0.allocated_amount,b1_0.category_id,b1_0.is_breached,b1_0.month,b1_0.spent_amount,b1_0.user_id from budget b1_0 where b1_0.user_id=? and b1_0.category_id=? and b1_0.month=?
2026-09-24 16:12:10 TRACE o.h.o.j.bind --- binding parameter (1:BIGINT) <- [1]
2026-09-24 16:12:10 TRACE o.h.o.j.bind --- binding parameter (2:BIGINT) <- [2]
2026-09-24 16:12:10 TRACE o.h.o.j.bind --- binding parameter (3:VARCHAR) <- [2026-09]
2026-09-24 16:12:10 INFO  c.t.f.t.TransactionService --- New transaction created. TransactionId: null
2026-09-24 16:12:10 DEBUG o.h.SQL --- insert into transaction (amount,category_id,description,transaction_date,transaction_type,user_id) values (?,?,?,?,?,?)
2026-09-24 16:12:10 TRACE o.h.o.j.bind --- binding parameter (1:NUMERIC) <- [520]
2026-09-24 16:12:10 TRACE o.h.o.j.bind --- binding parameter (2:BIGINT) <- [2]
2026-09-24 16:12:10 TRACE o.h.o.j.bind --- binding parameter (3:VARCHAR) <- [Dinner]
2026-09-24 16:12:10 TRACE o.h.o.j.bind --- binding parameter (4:TIMESTAMP) <- [2026-09-24T16:12:10.662930626]
2026-09-24 16:12:10 TRACE o.h.o.j.bind --- binding parameter (5:VARCHAR) <- [EXPENSE]
2026-09-24 16:12:10 TRACE o.h.o.j.bind --- binding parameter (6:BIGINT) <- [1]
2026-09-24 16:12:10 DEBUG o.h.SQL --- update budget set allocated_amount=?,category_id=?,is_breached=?,month=?,spent_amount=?,user_id=? where id=?
2026-09-24 16:12:10 TRACE o.h.o.j.bind --- binding parameter (1:NUMERIC) <- [5000.00]
2026-09-24 16:12:10 TRACE o.h.o.j.bind --- binding parameter (2:BIGINT) <- [2]
2026-09-24 16:12:10 TRACE o.h.o.j.bind --- binding parameter (3:BOOLEAN) <- [false]
2026-09-24 16:12:10 TRACE o.h.o.j.bind --- binding parameter (4:VARCHAR) <- [2026-09]
2026-09-24 16:12:10 TRACE o.h.o.j.bind --- binding parameter (5:NUMERIC) <- [570.00]
2026-09-24 16:12:10 TRACE o.h.o.j.bind --- binding parameter (6:BIGINT) <- [1]
2026-09-24 16:12:10 TRACE o.h.o.j.bind --- binding parameter (7:BIGINT) <- [2]
2026-09-24 16:12:24 DEBUG o.h.SQL --- select u1_0.id,u1_0.base_currency,u1_0.created_at,u1_0.email,u1_0.is_active,u1_0.name,u1_0.password,u1_0.role,u1_0.total_balance,u1_0.updated_at from users u1_0 where u1_0.id=?
2026-09-24 16:12:24 TRACE o.h.o.j.bind --- binding parameter (1:BIGINT) <- [1]
2026-09-24 16:12:24 DEBUG o.h.SQL --- select u1_0.id,u1_0.base_currency,u1_0.created_at,u1_0.email,u1_0.is_active,u1_0.name,u1_0.password,u1_0.role,u1_0.total_balance,u1_0.updated_at from users u1_0 where u1_0.id=?
2026-09-24 16:12:24 TRACE o.h.o.j.bind --- binding parameter (1:BIGINT) <- [1]
2026-09-24 16:12:24 DEBUG o.h.SQL --- select c1_0.id,c1_0.description,c1_0.icon,c1_0.is_default,c1_0.name,c1_0.transaction_type,c1_0.user_id from category c1_0 where c1_0.id=? and c1_0.user_id=?
2026-09-24 16:12:24 TRACE o.h.o.j.bind --- binding parameter (1:BIGINT) <- [2]
2026-09-24 16:12:24 TRACE o.h.o.j.bind --- binding parameter (2:BIGINT) <- [1]
2026-09-24 16:12:24 INFO  c.t.f.t.TransactionService --- Trying to create a new transaction with categoryId 2
2026-09-24 16:12:24 DEBUG o.h.SQL --- select b1_0.id,b1_0.allocated_amount,b1_0.category_id,b1_0.is_breached,b1_0.month,b1_0.spent_amount,b1_0.user_id from budget b1_0 where b1_0.user_id=? and b1_0.category_id=? and b1_0.month=?
2026-09-24 16:12:24 TRACE o.h.o.j.bind --- binding parameter (1:BIGINT) <- [1]
2026-09-24 16:12:24 TRACE o.h.o.j.bind --- binding parameter (2:BIGINT) <- [2]
2026-09-24 16:12:24 TRACE o.h.o.j.bind --- binding parameter (3:VARCHAR) <- [2026-09]
2026-09-24 16:12:24 INFO  c.t.f.t.TransactionService --- New transaction created. TransactionId: null
2026-09-24 16:12:24 DEBUG o.h.SQL --- insert into transaction (amount,category_id,description,transaction_date,transaction_type,user_id) values (?,?,?,?,?,?)
2026-09-24 16:12:24 TRACE o.h.o.j.bind --- binding parameter (1:NUMERIC) <- [15]
2026-09-24 16:12:24 TRACE o.h.o.j.bind --- binding parameter (2:BIGINT) <- [2]
2026-09-24 16:12:24 TRACE o.h.o.j.bind --- binding parameter (3:VARCHAR) <- [Chai]
2026-09-24 16:12:24 TRACE o.h.o.j.bind --- binding parameter (4:TIMESTAMP) <- [2026-09-24T16:12:24.586138144]
2026-09-24 16:12:24 TRACE o.h.o.j.bind --- binding parameter (5:VARCHAR) <- [EXPENSE]
2026-09-24 16:12:24 TRACE o.h.o.j.bind --- binding parameter (6:BIGINT) <- [1]
2026-09-24 16:12:24 DEBUG o.h.SQL --- update budget set allocated_amount=?,category_id=?,is_breached=?,month=?,spent_amount=?,user_id=? where id=?
2026-09-24 16:12:24 TRACE o.h.o.j.bind --- binding parameter (1:NUMERIC) <- [5000.00]
2026-09-24 16:12:24 TRACE o.h.o.j.bind --- binding parameter (2:BIGINT) <- [2]
2026-09-24 16:12:24 TRACE o.h.o.j.bind --- binding parameter (3:BOOLEAN) <- [false]
2026-09-24 16:12:24 TRACE o.h.o.j.bind --- binding parameter (4:VARCHAR) <- [2026-09]
2026-09-24 16:12:24 TRACE o.h.o.j.bind --- binding parameter (5:NUMERIC) <- [585.00]
2026-09-24 16:12:24 TRACE o.h.o.j.bind --- binding parameter (6:BIGINT) <- [1]
2026-09-24 16:12:24 TRACE o.h.o.j.bind --- binding parameter (7:BIGINT) <- [2]
2026-09-24 16:12:30 DEBUG o.h.SQL --- select u1_0.id,u1_0.base_currency,u1_0.created_at,u1_0.email,u1_0.is_active,u1_0.name,u1_0.password,u1_0.role,u1_0.total_balance,u1_0.updated_at from users u1_0 where u1_0.id=?
2026-09-24 16:12:30 TRACE o.h.o.j.bind --- binding parameter (1:BIGINT) <- [1]
2026-09-24 16:12:30 INFO  c.t.f.t.TransactionService --- Fetching transactions for userId: 1
2026-09-24 16:12:30 INFO  c.t.f.t.TransactionService --- Fetched transactions for userId: 1
2026-09-24 16:12:30 DEBUG o.h.SQL --- select t1_0.id,t1_0.amount,t1_0.category_id,t1_0.description,t1_0.transaction_date,t1_0.transaction_type,t1_0.user_id from transaction t1_0 where t1_0.user_id=? and t1_0.category_id=? and 1=1 and 1=1 and 1=1 and 1=1 and 1=1 order by t1_0.transaction_date desc offset ? rows fetch first ? rows only
2026-09-24 16:12:30 TRACE o.h.o.j.bind --- binding parameter (1:BIGINT) <- [1]
2026-09-24 16:12:30 TRACE o.h.o.j.bind --- binding parameter (2:BIGINT) <- [2]
2026-09-24 16:12:30 TRACE o.h.o.j.bind --- binding parameter (3:INTEGER) <- [0]
2026-09-24 16:12:30 TRACE o.h.o.j.bind --- binding parameter (4:INTEGER) <- [5]
2026-09-24 16:12:30 DEBUG o.h.SQL --- select c1_0.id,c1_0.description,c1_0.icon,c1_0.is_default,c1_0.name,c1_0.transaction_type,u1_0.id,u1_0.base_currency,u1_0.created_at,u1_0.email,u1_0.is_active,u1_0.name,u1_0.password,u1_0.role,u1_0.total_balance,u1_0.updated_at from category c1_0 left join users u1_0 on u1_0.id=c1_0.user_id where c1_0.id=?
2026-09-24 16:12:30 TRACE o.h.o.j.bind --- binding parameter (1:BIGINT) <- [2]
2026-09-24 16:13:07 DEBUG o.h.SQL --- select u1_0.id,u1_0.base_currency,u1_0.created_at,u1_0.email,u1_0.is_active,u1_0.name,u1_0.password,u1_0.role,u1_0.total_balance,u1_0.updated_at from users u1_0 where u1_0.id=?
2026-09-24 16:13:07 TRACE o.h.o.j.bind --- binding parameter (1:BIGINT) <- [1]
2026-09-24 16:13:07 INFO  c.t.f.t.TransactionService --- Fetching transactions for userId: 1
2026-09-24 16:13:07 INFO  c.t.f.t.TransactionService --- Fetched transactions for userId: 1
2026-09-24 16:13:07 DEBUG o.h.SQL --- select t1_0.id,t1_0.amount,t1_0.category_id,t1_0.description,t1_0.transaction_date,t1_0.transaction_type,t1_0.user_id from transaction t1_0 where t1_0.user_id=? and t1_0.category_id=? and 1=1 and 1=1 and 1=1 and t1_0.amount<=? and 1=1 order by t1_0.transaction_date desc offset ? rows fetch first ? rows only
2026-09-24 16:13:07 TRACE o.h.o.j.bind --- binding parameter (1:BIGINT) <- [1]
2026-09-24 16:13:07 TRACE o.h.o.j.bind --- binding parameter (2:BIGINT) <- [2]
2026-09-24 16:13:07 TRACE o.h.o.j.bind --- binding parameter (3:NUMERIC) <- [100]
2026-09-24 16:13:07 TRACE o.h.o.j.bind --- binding parameter (4:INTEGER) <- [0]
2026-09-24 16:13:07 TRACE o.h.o.j.bind --- binding parameter (5:INTEGER) <- [5]
2026-09-24 16:13:07 DEBUG o.h.SQL --- select c1_0.id,c1_0.description,c1_0.icon,c1_0.is_default,c1_0.name,c1_0.transaction_type,u1_0.id,u1_0.base_currency,u1_0.created_at,u1_0.email,u1_0.is_active,u1_0.name,u1_0.password,u1_0.role,u1_0.total_balance,u1_0.updated_at from category c1_0 left join users u1_0 on u1_0.id=c1_0.user_id where c1_0.id=?
2026-09-24 16:13:07 TRACE o.h.o.j.bind --- binding parameter (1:BIGINT) <- [2]
2026-09-24 16:14:06 DEBUG o.h.SQL --- select u1_0.id,u1_0.base_currency,u1_0.created_at,u1_0.email,u1_0.is_active,u1_0.name,u1_0.password,u1_0.role,u1_0.total_balance,u1_0.updated_at from users u1_0 where u1_0.id=?
2026-09-24 16:14:06 TRACE o.h.o.j.bind --- binding parameter (1:BIGINT) <- [1]
2026-09-24 16:14:06 INFO  c.t.f.t.TransactionService --- Fetching transactions for userId: 1
2026-09-24 16:14:06 INFO  c.t.f.t.TransactionService --- Fetched transactions for userId: 1
2026-09-24 16:14:06 DEBUG o.h.SQL --- select t1_0.id,t1_0.amount,t1_0.category_id,t1_0.description,t1_0.transaction_date,t1_0.transaction_type,t1_0.user_id from transaction t1_0 where t1_0.user_id=? and 1=1 and 1=1 and 1=1 and 1=1 and 1=1 and 1=1 order by t1_0.id desc offset ? rows fetch first ? rows only
2026-09-24 16:14:06 TRACE o.h.o.j.bind --- binding parameter (1:BIGINT) <- [1]
2026-09-24 16:14:06 TRACE o.h.o.j.bind --- binding parameter (2:INTEGER) <- [0]
2026-09-24 16:14:06 TRACE o.h.o.j.bind --- binding parameter (3:INTEGER) <- [5]
2026-09-24 16:14:06 DEBUG o.h.SQL --- select c1_0.id,c1_0.description,c1_0.icon,c1_0.is_default,c1_0.name,c1_0.transaction_type,u1_0.id,u1_0.base_currency,u1_0.created_at,u1_0.email,u1_0.is_active,u1_0.name,u1_0.password,u1_0.role,u1_0.total_balance,u1_0.updated_at from category c1_0 left join users u1_0 on u1_0.id=c1_0.user_id where c1_0.id=?
2026-09-24 16:14:06 TRACE o.h.o.j.bind --- binding parameter (1:BIGINT) <- [2]
2026-09-24 16:14:06 DEBUG o.h.SQL --- select c1_0.id,c1_0.description,c1_0.icon,c1_0.is_default,c1_0.name,c1_0.transaction_type,u1_0.id,u1_0.base_currency,u1_0.created_at,u1_0.email,u1_0.is_active,u1_0.name,u1_0.password,u1_0.role,u1_0.total_balance,u1_0.updated_at from category c1_0 left join users u1_0 on u1_0.id=c1_0.user_id where c1_0.id=?
2026-09-24 16:14:06 TRACE o.h.o.j.bind --- binding parameter (1:BIGINT) <- [1]
2026-09-24 16:14:06 DEBUG o.h.SQL --- select count(t1_0.id) from transaction t1_0 where t1_0.user_id=? and 1=1 and 1=1 and 1=1 and 1=1 and 1=1 and 1=1
2026-09-24 16:14:06 TRACE o.h.o.j.bind --- binding parameter (1:BIGINT) <- [1]
2026-09-24 16:14:42 DEBUG o.h.SQL --- select u1_0.id,u1_0.base_currency,u1_0.created_at,u1_0.email,u1_0.is_active,u1_0.name,u1_0.password,u1_0.role,u1_0.total_balance,u1_0.updated_at from users u1_0 where u1_0.id=?
2026-09-24 16:14:42 TRACE o.h.o.j.bind --- binding parameter (1:BIGINT) <- [1]
2026-09-24 16:14:42 INFO  c.t.f.t.TransactionService --- Fetching transactions for userId: 1
2026-09-24 16:14:42 INFO  c.t.f.t.TransactionService --- Fetched transactions for userId: 1
2026-09-24 16:14:42 DEBUG o.h.SQL --- select t1_0.id,t1_0.amount,t1_0.category_id,t1_0.description,t1_0.transaction_date,t1_0.transaction_type,t1_0.user_id from transaction t1_0 where t1_0.user_id=? and 1=1 and 1=1 and 1=1 and 1=1 and 1=1 and 1=1 order by t1_0.id offset ? rows fetch first ? rows only
2026-09-24 16:14:42 TRACE o.h.o.j.bind --- binding parameter (1:BIGINT) <- [1]
2026-09-24 16:14:42 TRACE o.h.o.j.bind --- binding parameter (2:INTEGER) <- [0]
2026-09-24 16:14:42 TRACE o.h.o.j.bind --- binding parameter (3:INTEGER) <- [5]
2026-09-24 16:14:42 DEBUG o.h.SQL --- select c1_0.id,c1_0.description,c1_0.icon,c1_0.is_default,c1_0.name,c1_0.transaction_type,u1_0.id,u1_0.base_currency,u1_0.created_at,u1_0.email,u1_0.is_active,u1_0.name,u1_0.password,u1_0.role,u1_0.total_balance,u1_0.updated_at from category c1_0 left join users u1_0 on u1_0.id=c1_0.user_id where c1_0.id=?
2026-09-24 16:14:42 TRACE o.h.o.j.bind --- binding parameter (1:BIGINT) <- [1]
2026-09-24 16:14:42 DEBUG o.h.SQL --- select count(t1_0.id) from transaction t1_0 where t1_0.user_id=? and 1=1 and 1=1 and 1=1 and 1=1 and 1=1 and 1=1
2026-09-24 16:14:42 TRACE o.h.o.j.bind --- binding parameter (1:BIGINT) <- [1]
2026-09-24 16:15:18 WARN  o.s.w.s.m.m.a.ExceptionHandlerExceptionResolver --- Resolved [io.jsonwebtoken.ExpiredJwtException: JWT expired 4356 milliseconds ago at 2026-09-24T10:45:14.000Z. Current time: 2026-09-24T10:45:18.356Z. Allowed clock skew: 0 milliseconds.]
2026-09-24 16:15:22 DEBUG o.h.SQL --- select u1_0.id,u1_0.base_currency,u1_0.created_at,u1_0.email,u1_0.is_active,u1_0.name,u1_0.password,u1_0.role,u1_0.total_balance,u1_0.updated_at from users u1_0 where u1_0.email=?
2026-09-24 16:15:22 TRACE o.h.o.j.bind --- binding parameter (1:VARCHAR) <- [user2@gmail.com]
2026-09-24 16:15:22 DEBUG o.h.SQL --- select s1_0.id,s1_0.created_at,s1_0.is_valid,s1_0.last_used_at,s1_0.refresh_token,s1_0.user_id from session s1_0 where s1_0.user_id=?
2026-09-24 16:15:22 TRACE o.h.o.j.bind --- binding parameter (1:BIGINT) <- [1]
2026-09-24 16:15:22 DEBUG o.h.SQL --- delete from session where id=?
2026-09-24 16:15:22 TRACE o.h.o.j.bind --- binding parameter (1:BIGINT) <- [20]
2026-09-24 16:15:22 DEBUG o.h.SQL --- insert into session (created_at,is_valid,last_used_at,refresh_token,user_id) values (?,?,?,?,?)
2026-09-24 16:15:22 TRACE o.h.o.j.bind --- binding parameter (1:TIMESTAMP) <- [2026-09-24T16:15:22.875757]
2026-09-24 16:15:22 TRACE o.h.o.j.bind --- binding parameter (2:BOOLEAN) <- [true]
2026-09-24 16:15:22 TRACE o.h.o.j.bind --- binding parameter (3:TIMESTAMP) <- [2026-09-24T16:15:22.875405296]
2026-09-24 16:15:22 TRACE o.h.o.j.bind --- binding parameter (4:VARCHAR) <- [eyJhbGciOiJIUzI1NiJ9.eyJzdWIiOiIxIiwiaWF0IjoxNzkwMjQ2NzIyLCJleHAiOjE3OTA3NjUxMjJ9.58GvPk58kU21mNNWIRwf_IznOsl7HrfSraZRIQ-BIOE]
2026-09-24 16:15:22 TRACE o.h.o.j.bind --- binding parameter (5:BIGINT) <- [1]
2026-09-24 16:15:22 INFO  c.t.f.s.s.AuthService --- Login Success
2026-09-24 16:15:34 DEBUG o.h.SQL --- select u1_0.id,u1_0.base_currency,u1_0.created_at,u1_0.email,u1_0.is_active,u1_0.name,u1_0.password,u1_0.role,u1_0.total_balance,u1_0.updated_at from users u1_0 where u1_0.id=?
2026-09-24 16:15:34 TRACE o.h.o.j.bind --- binding parameter (1:BIGINT) <- [1]
2026-09-24 16:15:34 INFO  c.t.f.t.TransactionService --- Fetching transactions for userId: 1
2026-09-24 16:15:34 INFO  c.t.f.t.TransactionService --- Fetched transactions for userId: 1
2026-09-24 16:15:34 DEBUG o.h.SQL --- select t1_0.id,t1_0.amount,t1_0.category_id,t1_0.description,t1_0.transaction_date,t1_0.transaction_type,t1_0.user_id from transaction t1_0 where t1_0.user_id=? and 1=1 and t1_0.transaction_type=? and 1=1 and 1=1 and 1=1 and 1=1 order by t1_0.transaction_date desc offset ? rows fetch first ? rows only
2026-09-24 16:15:34 TRACE o.h.o.j.bind --- binding parameter (1:BIGINT) <- [1]
2026-09-24 16:15:34 TRACE o.h.o.j.bind --- binding parameter (2:VARCHAR) <- [INCOME]
2026-09-24 16:15:34 TRACE o.h.o.j.bind --- binding parameter (3:INTEGER) <- [0]
2026-09-24 16:15:34 TRACE o.h.o.j.bind --- binding parameter (4:INTEGER) <- [5]
2026-09-24 16:15:34 DEBUG o.h.SQL --- select c1_0.id,c1_0.description,c1_0.icon,c1_0.is_default,c1_0.name,c1_0.transaction_type,u1_0.id,u1_0.base_currency,u1_0.created_at,u1_0.email,u1_0.is_active,u1_0.name,u1_0.password,u1_0.role,u1_0.total_balance,u1_0.updated_at from category c1_0 left join users u1_0 on u1_0.id=c1_0.user_id where c1_0.id=?
2026-09-24 16:15:34 TRACE o.h.o.j.bind --- binding parameter (1:BIGINT) <- [1]
2026-09-24 16:15:34 DEBUG o.h.SQL --- select count(t1_0.id) from transaction t1_0 where t1_0.user_id=? and 1=1 and t1_0.transaction_type=? and 1=1 and 1=1 and 1=1 and 1=1
2026-09-24 16:15:34 TRACE o.h.o.j.bind --- binding parameter (1:BIGINT) <- [1]
2026-09-24 16:15:34 TRACE o.h.o.j.bind --- binding parameter (2:VARCHAR) <- [INCOME]
2026-09-24 16:15:48 DEBUG o.h.SQL --- select u1_0.id,u1_0.base_currency,u1_0.created_at,u1_0.email,u1_0.is_active,u1_0.name,u1_0.password,u1_0.role,u1_0.total_balance,u1_0.updated_at from users u1_0 where u1_0.id=?
2026-09-24 16:15:48 TRACE o.h.o.j.bind --- binding parameter (1:BIGINT) <- [1]
2026-09-24 16:15:48 INFO  c.t.f.t.TransactionService --- Fetching transactions for userId: 1
2026-09-24 16:15:48 INFO  c.t.f.t.TransactionService --- Fetched transactions for userId: 1
2026-09-24 16:15:48 DEBUG o.h.SQL --- select t1_0.id,t1_0.amount,t1_0.category_id,t1_0.description,t1_0.transaction_date,t1_0.transaction_type,t1_0.user_id from transaction t1_0 where t1_0.user_id=? and 1=1 and t1_0.transaction_type=? and 1=1 and 1=1 and 1=1 and 1=1 order by t1_0.transaction_date desc offset ? rows fetch first ? rows only
2026-09-24 16:15:48 TRACE o.h.o.j.bind --- binding parameter (1:BIGINT) <- [1]
2026-09-24 16:15:48 TRACE o.h.o.j.bind --- binding parameter (2:VARCHAR) <- [EXPENSE]
2026-09-24 16:15:48 TRACE o.h.o.j.bind --- binding parameter (3:INTEGER) <- [0]
2026-09-24 16:15:48 TRACE o.h.o.j.bind --- binding parameter (4:INTEGER) <- [5]
2026-09-24 16:15:48 DEBUG o.h.SQL --- select c1_0.id,c1_0.description,c1_0.icon,c1_0.is_default,c1_0.name,c1_0.transaction_type,u1_0.id,u1_0.base_currency,u1_0.created_at,u1_0.email,u1_0.is_active,u1_0.name,u1_0.password,u1_0.role,u1_0.total_balance,u1_0.updated_at from category c1_0 left join users u1_0 on u1_0.id=c1_0.user_id where c1_0.id=?
2026-09-24 16:15:48 TRACE o.h.o.j.bind --- binding parameter (1:BIGINT) <- [2]
2026-09-24 16:23:03 INFO  o.s.b.t.GracefulShutdown --- Commencing graceful shutdown. Waiting for active requests to complete
2026-09-24 16:23:03 INFO  o.s.b.t.GracefulShutdown --- Graceful shutdown complete
2026-09-24 16:23:03 INFO  o.s.o.j.LocalContainerEntityManagerFactoryBean --- Closing JPA EntityManagerFactory for persistence unit 'default'
2026-09-24 16:23:03 INFO  c.z.h.HikariDataSource --- HikariPool-1 - Shutdown initiated...
2026-09-24 16:23:03 INFO  c.z.h.HikariDataSource --- HikariPool-1 - Shutdown completed.
2026-09-24 16:23:07 INFO  o.h.v.i.u.Version --- HV000001: Hibernate Validator 9.1.3.Final
2026-09-24 16:23:07 INFO  c.t.f.FinsightApplication --- Starting FinsightApplication using Java 21.0.12.1 with PID 52882 (/home/abdul-rahman/Project/finsight/target/classes started by abdul-rahman in /home/abdul-rahman/Project/finsight)
2026-09-24 16:23:07 DEBUG c.t.f.FinsightApplication --- Running with Spring Boot v4.1.1, Spring v7.0.9
2026-09-24 16:23:07 INFO  c.t.f.FinsightApplication --- No active profile set, falling back to 1 default profile: "default"
2026-09-24 16:23:07 INFO  o.s.b.d.e.DevToolsPropertyDefaultsPostProcessor --- Devtools property defaults active! Set 'spring.devtools.add-properties' to 'false' to disable
2026-09-24 16:23:07 INFO  o.s.b.d.e.DevToolsPropertyDefaultsPostProcessor --- For additional web related logging consider setting the 'logging.level.web' property to 'DEBUG'
2026-09-24 16:23:07 INFO  o.s.d.r.c.RepositoryConfigurationDelegate --- Bootstrapping Spring Data JPA repositories in DEFAULT mode.
2026-09-24 16:23:07 INFO  o.s.d.r.c.RepositoryConfigurationDelegate --- Finished Spring Data repository scanning in 41 ms. Found 5 JPA repository interfaces.
2026-09-24 16:23:08 INFO  o.s.b.t.TomcatWebServer --- Tomcat initialized with port 8080 (http)
2026-09-24 16:23:08 INFO  o.a.c.h.Http11NioProtocol --- Initializing ProtocolHandler ["http-nio-8080"]
2026-09-24 16:23:08 INFO  o.a.c.c.StandardService --- Starting service [Tomcat]
2026-09-24 16:23:08 INFO  o.a.c.c.StandardEngine --- Starting Servlet engine: [Apache Tomcat/11.0.24]
2026-09-24 16:23:08 INFO  o.s.b.w.c.s.WebApplicationContextInitializer --- Root WebApplicationContext: initialization completed in 1077 ms
2026-09-24 16:23:08 INFO  o.h.o.jpa --- HHH008540: Processing PersistenceUnitInfo [name: default]
2026-09-24 16:23:08 INFO  o.h.o.core --- HHH000001: Hibernate ORM core version 7.4.5.Final
2026-09-24 16:23:08 INFO  o.s.o.j.p.SpringPersistenceUnitInfo --- No LoadTimeWeaver setup: ignoring JPA class transformer
2026-09-24 16:23:08 INFO  c.z.h.HikariDataSource --- HikariPool-1 - Starting...
2026-09-24 16:23:09 INFO  c.z.h.p.HikariPool --- HikariPool-1 - Added connection org.postgresql.jdbc.PgConnection@5bb12df
2026-09-24 16:23:09 INFO  c.z.h.HikariDataSource --- HikariPool-1 - Start completed.
2026-09-24 16:23:09 INFO  o.h.o.c.pooling --- HHH10001005: Database info:
	Database JDBC URL [jdbc:postgresql://localhost:5432/finsight]
	Database driver: PostgreSQL JDBC Driver
	Database dialect: PostgreSQLDialect
	Database version: 18.6
	Default catalog/schema: finsight/public
	Autocommit mode: undefined/unknown
	Isolation level: READ_COMMITTED [default READ_COMMITTED]
	JDBC fetch size: none
	Pool: DataSourceConnectionProvider
	Minimum pool size: undefined/unknown
	Maximum pool size: undefined/unknown
2026-09-24 16:23:09 INFO  o.h.o.core --- HHH000489: No JTA platform available (set 'hibernate.transaction.jta.platform' to enable JTA platform integration)
2026-09-24 16:23:09 INFO  o.s.o.j.LocalContainerEntityManagerFactoryBean --- Initialized JPA EntityManagerFactory for persistence unit 'default'
2026-09-24 16:23:09 INFO  o.s.d.j.r.q.QueryEnhancerFactories --- Hibernate is in classpath; If applicable, HQL parser will be used.
2026-09-24 16:23:10 WARN  o.s.b.j.a.JpaBaseConfiguration$JpaWebConfiguration --- spring.jpa.open-in-view is enabled by default. Therefore, database queries may be performed during view rendering. Explicitly configure spring.jpa.open-in-view to disable this warning
2026-09-24 16:23:10 DEBUG c.t.f.s.f.JwtAuthFilter --- Filter 'jwtAuthFilter' configured for use
2026-09-24 16:23:10 INFO  o.s.s.c.a.a.c.InitializeUserDetailsBeanManagerConfigurer$InitializeUserDetailsManagerConfigurer --- Global AuthenticationManager configured with UserDetailsService bean with name userService
2026-09-24 16:23:10 INFO  o.a.c.h.Http11NioProtocol --- Starting ProtocolHandler ["http-nio-8080"]
2026-09-24 16:23:10 INFO  o.s.b.t.TomcatWebServer --- Tomcat started on port 8080 (http) with context path '/'
2026-09-24 16:23:10 INFO  c.t.f.FinsightApplication --- Started FinsightApplication in 3.931 seconds (process running for 4.292)
2026-09-24 16:23:20 INFO  o.a.c.c.C.[.[.[/] --- Initializing Spring DispatcherServlet 'dispatcherServlet'
2026-09-24 16:23:20 INFO  o.s.w.s.DispatcherServlet --- Initializing Servlet 'dispatcherServlet'
2026-09-24 16:23:20 INFO  o.s.w.s.DispatcherServlet --- Completed initialization in 1 ms
2026-09-24 16:23:20 DEBUG o.h.SQL --- select u1_0.id,u1_0.base_currency,u1_0.created_at,u1_0.email,u1_0.is_active,u1_0.name,u1_0.password,u1_0.role,u1_0.total_balance,u1_0.updated_at from users u1_0 where u1_0.email=?
2026-09-24 16:23:20 TRACE o.h.o.j.bind --- binding parameter (1:VARCHAR) <- [user2@gmail.com]
2026-09-24 16:23:20 DEBUG o.h.SQL --- select s1_0.id,s1_0.created_at,s1_0.is_valid,s1_0.last_used_at,s1_0.refresh_token,s1_0.user_id from session s1_0 where s1_0.user_id=?
2026-09-24 16:23:20 TRACE o.h.o.j.bind --- binding parameter (1:BIGINT) <- [1]
2026-09-24 16:23:20 DEBUG o.h.SQL --- delete from session where id=?
2026-09-24 16:23:20 TRACE o.h.o.j.bind --- binding parameter (1:BIGINT) <- [21]
2026-09-24 16:23:20 DEBUG o.h.SQL --- insert into session (created_at,is_valid,last_used_at,refresh_token,user_id) values (?,?,?,?,?)
2026-09-24 16:23:20 TRACE o.h.o.j.bind --- binding parameter (1:TIMESTAMP) <- [2026-09-24T16:23:20.913253]
2026-09-24 16:23:20 TRACE o.h.o.j.bind --- binding parameter (2:BOOLEAN) <- [true]
2026-09-24 16:23:20 TRACE o.h.o.j.bind --- binding parameter (3:TIMESTAMP) <- [2026-09-24T16:23:20.909493895]
2026-09-24 16:23:20 TRACE o.h.o.j.bind --- binding parameter (4:VARCHAR) <- [eyJhbGciOiJIUzI1NiJ9.eyJzdWIiOiIxIiwiaWF0IjoxNzkwMjQ3MjAwLCJleHAiOjE3OTA3NjU2MDB9.uC02L_o_-kKJTbi1AWi0SE7pQ_lqEJbsGbAgu2lmkfQ]
2026-09-24 16:23:20 TRACE o.h.o.j.bind --- binding parameter (5:BIGINT) <- [1]
2026-09-24 16:23:20 INFO  c.t.f.s.s.AuthService --- Login Success
2026-09-24 16:24:06 DEBUG o.h.SQL --- select u1_0.id,u1_0.base_currency,u1_0.created_at,u1_0.email,u1_0.is_active,u1_0.name,u1_0.password,u1_0.role,u1_0.total_balance,u1_0.updated_at from users u1_0 where u1_0.id=?
2026-09-24 16:24:06 TRACE o.h.o.j.bind --- binding parameter (1:BIGINT) <- [1]
2026-09-24 16:24:06 INFO  c.t.f.t.TransactionService --- Fetching transactions for userId: 1
2026-09-24 16:24:06 INFO  c.t.f.t.TransactionService --- Fetched transactions for userId: 1
2026-09-24 16:24:06 DEBUG o.h.SQL --- select t1_0.id,t1_0.amount,t1_0.category_id,t1_0.description,t1_0.transaction_date,t1_0.transaction_type,t1_0.user_id from transaction t1_0 where t1_0.user_id=? and 1=1 and 1=1 and 1=1 and 1=1 and 1=1 and 1=1 order by t1_0.transaction_date desc offset ? rows fetch first ? rows only
2026-09-24 16:24:06 TRACE o.h.o.j.bind --- binding parameter (1:BIGINT) <- [1]
2026-09-24 16:24:06 TRACE o.h.o.j.bind --- binding parameter (2:INTEGER) <- [0]
2026-09-24 16:24:06 TRACE o.h.o.j.bind --- binding parameter (3:INTEGER) <- [5]
2026-09-24 16:24:06 DEBUG o.h.SQL --- select c1_0.id,c1_0.description,c1_0.icon,c1_0.is_default,c1_0.name,c1_0.transaction_type,u1_0.id,u1_0.base_currency,u1_0.created_at,u1_0.email,u1_0.is_active,u1_0.name,u1_0.password,u1_0.role,u1_0.total_balance,u1_0.updated_at from category c1_0 left join users u1_0 on u1_0.id=c1_0.user_id where c1_0.id=?
2026-09-24 16:24:06 TRACE o.h.o.j.bind --- binding parameter (1:BIGINT) <- [2]
2026-09-24 16:24:06 DEBUG o.h.SQL --- select c1_0.id,c1_0.description,c1_0.icon,c1_0.is_default,c1_0.name,c1_0.transaction_type,u1_0.id,u1_0.base_currency,u1_0.created_at,u1_0.email,u1_0.is_active,u1_0.name,u1_0.password,u1_0.role,u1_0.total_balance,u1_0.updated_at from category c1_0 left join users u1_0 on u1_0.id=c1_0.user_id where c1_0.id=?
2026-09-24 16:24:06 TRACE o.h.o.j.bind --- binding parameter (1:BIGINT) <- [1]
2026-09-24 16:24:06 DEBUG o.h.SQL --- select count(t1_0.id) from transaction t1_0 where t1_0.user_id=? and 1=1 and 1=1 and 1=1 and 1=1 and 1=1 and 1=1
2026-09-24 16:24:06 TRACE o.h.o.j.bind --- binding parameter (1:BIGINT) <- [1]
2026-09-24 16:24:06 WARN  o.s.w.s.m.m.a.ExceptionHandlerExceptionResolver --- Resolved [java.lang.ClassCastException: Cannot cast com.technerd.finsight.transaction.Transaction to com.technerd.finsight.transaction.dto.TransactionResponse]
2026-09-24 16:33:45 DEBUG o.h.SQL --- select u1_0.id,u1_0.base_currency,u1_0.created_at,u1_0.email,u1_0.is_active,u1_0.name,u1_0.password,u1_0.role,u1_0.total_balance,u1_0.updated_at from users u1_0 where u1_0.email=?
2026-09-24 16:33:45 TRACE o.h.o.j.bind --- binding parameter (1:VARCHAR) <- [user2@gmail.com]
2026-09-24 16:33:45 DEBUG o.h.SQL --- select s1_0.id,s1_0.created_at,s1_0.is_valid,s1_0.last_used_at,s1_0.refresh_token,s1_0.user_id from session s1_0 where s1_0.user_id=?
2026-09-24 16:33:45 TRACE o.h.o.j.bind --- binding parameter (1:BIGINT) <- [1]
2026-09-24 16:33:45 DEBUG o.h.SQL --- delete from session where id=?
2026-09-24 16:33:45 TRACE o.h.o.j.bind --- binding parameter (1:BIGINT) <- [22]
2026-09-24 16:33:45 DEBUG o.h.SQL --- insert into session (created_at,is_valid,last_used_at,refresh_token,user_id) values (?,?,?,?,?)
2026-09-24 16:33:45 TRACE o.h.o.j.bind --- binding parameter (1:TIMESTAMP) <- [2026-09-24T16:33:45.623358]
2026-09-24 16:33:45 TRACE o.h.o.j.bind --- binding parameter (2:BOOLEAN) <- [true]
2026-09-24 16:33:45 TRACE o.h.o.j.bind --- binding parameter (3:TIMESTAMP) <- [2026-09-24T16:33:45.622881641]
2026-09-24 16:33:45 TRACE o.h.o.j.bind --- binding parameter (4:VARCHAR) <- [eyJhbGciOiJIUzI1NiJ9.eyJzdWIiOiIxIiwiaWF0IjoxNzkwMjQ3ODI1LCJleHAiOjE3OTA3NjYyMjV9.dDfb7smojaRk5PIRj2AU50QSn6Oxx0lkyebl4Z9anRk]
2026-09-24 16:33:45 TRACE o.h.o.j.bind --- binding parameter (5:BIGINT) <- [1]
2026-09-24 16:33:45 INFO  c.t.f.s.s.AuthService --- Login Success
2026-09-24 16:33:58 DEBUG o.h.SQL --- select u1_0.id,u1_0.base_currency,u1_0.created_at,u1_0.email,u1_0.is_active,u1_0.name,u1_0.password,u1_0.role,u1_0.total_balance,u1_0.updated_at from users u1_0 where u1_0.id=?
2026-09-24 16:33:58 TRACE o.h.o.j.bind --- binding parameter (1:BIGINT) <- [1]
2026-09-24 16:33:58 INFO  c.t.f.t.TransactionService --- Fetching transactions for userId: 1
2026-09-24 16:33:58 INFO  c.t.f.t.TransactionService --- Fetched transactions for userId: 1
2026-09-24 16:33:58 DEBUG o.h.SQL --- select t1_0.id,t1_0.amount,t1_0.category_id,t1_0.description,t1_0.transaction_date,t1_0.transaction_type,t1_0.user_id from transaction t1_0 where t1_0.user_id=? and 1=1 and 1=1 and 1=1 and 1=1 and 1=1 and 1=1 order by t1_0.transaction_date desc offset ? rows fetch first ? rows only
2026-09-24 16:33:58 TRACE o.h.o.j.bind --- binding parameter (1:BIGINT) <- [1]
2026-09-24 16:33:58 TRACE o.h.o.j.bind --- binding parameter (2:INTEGER) <- [0]
2026-09-24 16:33:58 TRACE o.h.o.j.bind --- binding parameter (3:INTEGER) <- [5]
2026-09-24 16:33:58 DEBUG o.h.SQL --- select c1_0.id,c1_0.description,c1_0.icon,c1_0.is_default,c1_0.name,c1_0.transaction_type,u1_0.id,u1_0.base_currency,u1_0.created_at,u1_0.email,u1_0.is_active,u1_0.name,u1_0.password,u1_0.role,u1_0.total_balance,u1_0.updated_at from category c1_0 left join users u1_0 on u1_0.id=c1_0.user_id where c1_0.id=?
2026-09-24 16:33:58 TRACE o.h.o.j.bind --- binding parameter (1:BIGINT) <- [2]
2026-09-24 16:33:58 DEBUG o.h.SQL --- select c1_0.id,c1_0.description,c1_0.icon,c1_0.is_default,c1_0.name,c1_0.transaction_type,u1_0.id,u1_0.base_currency,u1_0.created_at,u1_0.email,u1_0.is_active,u1_0.name,u1_0.password,u1_0.role,u1_0.total_balance,u1_0.updated_at from category c1_0 left join users u1_0 on u1_0.id=c1_0.user_id where c1_0.id=?
2026-09-24 16:33:58 TRACE o.h.o.j.bind --- binding parameter (1:BIGINT) <- [1]
2026-09-24 16:33:58 DEBUG o.h.SQL --- select count(t1_0.id) from transaction t1_0 where t1_0.user_id=? and 1=1 and 1=1 and 1=1 and 1=1 and 1=1 and 1=1
2026-09-24 16:33:58 TRACE o.h.o.j.bind --- binding parameter (1:BIGINT) <- [1]
2026-09-24 16:33:58 WARN  o.s.w.s.m.m.a.ExceptionHandlerExceptionResolver --- Resolved [java.lang.ClassCastException: Cannot cast com.technerd.finsight.transaction.Transaction to com.technerd.finsight.transaction.dto.TransactionResponse]
2026-09-24 16:34:04 INFO  o.s.b.t.GracefulShutdown --- Commencing graceful shutdown. Waiting for active requests to complete
2026-09-24 16:34:04 INFO  o.s.b.t.GracefulShutdown --- Graceful shutdown complete
2026-09-24 16:34:04 INFO  o.s.o.j.LocalContainerEntityManagerFactoryBean --- Closing JPA EntityManagerFactory for persistence unit 'default'
2026-09-24 16:34:04 INFO  c.z.h.HikariDataSource --- HikariPool-1 - Shutdown initiated...
2026-09-24 16:34:04 INFO  c.z.h.HikariDataSource --- HikariPool-1 - Shutdown completed.
2026-09-24 16:34:07 INFO  o.h.v.i.u.Version --- HV000001: Hibernate Validator 9.1.3.Final
2026-09-24 16:34:07 INFO  c.t.f.FinsightApplication --- Starting FinsightApplication using Java 21.0.12.1 with PID 54779 (/home/abdul-rahman/Project/finsight/target/classes started by abdul-rahman in /home/abdul-rahman/Project/finsight)
2026-09-24 16:34:07 DEBUG c.t.f.FinsightApplication --- Running with Spring Boot v4.1.1, Spring v7.0.9
2026-09-24 16:34:07 INFO  c.t.f.FinsightApplication --- No active profile set, falling back to 1 default profile: "default"
2026-09-24 16:34:07 INFO  o.s.b.d.e.DevToolsPropertyDefaultsPostProcessor --- Devtools property defaults active! Set 'spring.devtools.add-properties' to 'false' to disable
2026-09-24 16:34:07 INFO  o.s.b.d.e.DevToolsPropertyDefaultsPostProcessor --- For additional web related logging consider setting the 'logging.level.web' property to 'DEBUG'
2026-09-24 16:34:08 INFO  o.s.d.r.c.RepositoryConfigurationDelegate --- Bootstrapping Spring Data JPA repositories in DEFAULT mode.
2026-09-24 16:34:08 INFO  o.s.d.r.c.RepositoryConfigurationDelegate --- Finished Spring Data repository scanning in 39 ms. Found 5 JPA repository interfaces.
2026-09-24 16:34:08 INFO  o.s.b.t.TomcatWebServer --- Tomcat initialized with port 8080 (http)
2026-09-24 16:34:08 INFO  o.a.c.h.Http11NioProtocol --- Initializing ProtocolHandler ["http-nio-8080"]
2026-09-24 16:34:08 INFO  o.a.c.c.StandardService --- Starting service [Tomcat]
2026-09-24 16:34:08 INFO  o.a.c.c.StandardEngine --- Starting Servlet engine: [Apache Tomcat/11.0.24]
2026-09-24 16:34:08 INFO  o.s.b.w.c.s.WebApplicationContextInitializer --- Root WebApplicationContext: initialization completed in 1019 ms
2026-09-24 16:34:08 INFO  o.h.o.jpa --- HHH008540: Processing PersistenceUnitInfo [name: default]
2026-09-24 16:34:08 INFO  o.h.o.core --- HHH000001: Hibernate ORM core version 7.4.5.Final
2026-09-24 16:34:09 INFO  o.s.o.j.p.SpringPersistenceUnitInfo --- No LoadTimeWeaver setup: ignoring JPA class transformer
2026-09-24 16:34:09 INFO  c.z.h.HikariDataSource --- HikariPool-1 - Starting...
2026-09-24 16:34:09 INFO  c.z.h.p.HikariPool --- HikariPool-1 - Added connection org.postgresql.jdbc.PgConnection@55dca8c4
2026-09-24 16:34:09 INFO  c.z.h.HikariDataSource --- HikariPool-1 - Start completed.
2026-09-24 16:34:09 INFO  o.h.o.c.pooling --- HHH10001005: Database info:
	Database JDBC URL [jdbc:postgresql://localhost:5432/finsight]
	Database driver: PostgreSQL JDBC Driver
	Database dialect: PostgreSQLDialect
	Database version: 18.6
	Default catalog/schema: finsight/public
	Autocommit mode: undefined/unknown
	Isolation level: READ_COMMITTED [default READ_COMMITTED]
	JDBC fetch size: none
	Pool: DataSourceConnectionProvider
	Minimum pool size: undefined/unknown
	Maximum pool size: undefined/unknown
2026-09-24 16:34:10 INFO  o.h.o.core --- HHH000489: No JTA platform available (set 'hibernate.transaction.jta.platform' to enable JTA platform integration)
2026-09-24 16:34:10 INFO  o.s.o.j.LocalContainerEntityManagerFactoryBean --- Initialized JPA EntityManagerFactory for persistence unit 'default'
2026-09-24 16:34:10 INFO  o.s.d.j.r.q.QueryEnhancerFactories --- Hibernate is in classpath; If applicable, HQL parser will be used.
2026-09-24 16:34:10 WARN  o.s.b.j.a.JpaBaseConfiguration$JpaWebConfiguration --- spring.jpa.open-in-view is enabled by default. Therefore, database queries may be performed during view rendering. Explicitly configure spring.jpa.open-in-view to disable this warning
2026-09-24 16:34:10 DEBUG c.t.f.s.f.JwtAuthFilter --- Filter 'jwtAuthFilter' configured for use
2026-09-24 16:34:10 INFO  o.s.s.c.a.a.c.InitializeUserDetailsBeanManagerConfigurer$InitializeUserDetailsManagerConfigurer --- Global AuthenticationManager configured with UserDetailsService bean with name userService
2026-09-24 16:34:11 INFO  o.a.c.h.Http11NioProtocol --- Starting ProtocolHandler ["http-nio-8080"]
2026-09-24 16:34:11 INFO  o.s.b.t.TomcatWebServer --- Tomcat started on port 8080 (http) with context path '/'
2026-09-24 16:34:11 INFO  c.t.f.FinsightApplication --- Started FinsightApplication in 3.886 seconds (process running for 4.292)
2026-09-24 16:34:11 INFO  o.a.c.c.C.[.[.[/] --- Initializing Spring DispatcherServlet 'dispatcherServlet'
2026-09-24 16:34:11 INFO  o.s.w.s.DispatcherServlet --- Initializing Servlet 'dispatcherServlet'
2026-09-24 16:34:11 INFO  o.s.w.s.DispatcherServlet --- Completed initialization in 1 ms
2026-09-24 16:34:11 DEBUG o.h.SQL --- select u1_0.id,u1_0.base_currency,u1_0.created_at,u1_0.email,u1_0.is_active,u1_0.name,u1_0.password,u1_0.role,u1_0.total_balance,u1_0.updated_at from users u1_0 where u1_0.id=?
2026-09-24 16:34:11 TRACE o.h.o.j.bind --- binding parameter (1:BIGINT) <- [1]
2026-09-24 16:34:11 INFO  c.t.f.t.TransactionService --- Fetching transactions for userId: 1
2026-09-24 16:34:11 INFO  c.t.f.t.TransactionService --- Fetched transactions for userId: 1
2026-09-24 16:34:11 DEBUG o.h.SQL --- select t1_0.id,t1_0.amount,t1_0.category_id,t1_0.description,t1_0.transaction_date,t1_0.transaction_type,t1_0.user_id from transaction t1_0 where t1_0.user_id=? and 1=1 and 1=1 and 1=1 and 1=1 and 1=1 and 1=1 order by t1_0.transaction_date desc offset ? rows fetch first ? rows only
2026-09-24 16:34:11 TRACE o.h.o.j.bind --- binding parameter (1:BIGINT) <- [1]
2026-09-24 16:34:11 TRACE o.h.o.j.bind --- binding parameter (2:INTEGER) <- [0]
2026-09-24 16:34:11 TRACE o.h.o.j.bind --- binding parameter (3:INTEGER) <- [5]
2026-09-24 16:34:11 DEBUG o.h.SQL --- select c1_0.id,c1_0.description,c1_0.icon,c1_0.is_default,c1_0.name,c1_0.transaction_type,u1_0.id,u1_0.base_currency,u1_0.created_at,u1_0.email,u1_0.is_active,u1_0.name,u1_0.password,u1_0.role,u1_0.total_balance,u1_0.updated_at from category c1_0 left join users u1_0 on u1_0.id=c1_0.user_id where c1_0.id=?
2026-09-24 16:34:11 TRACE o.h.o.j.bind --- binding parameter (1:BIGINT) <- [2]
2026-09-24 16:34:11 DEBUG o.h.SQL --- select c1_0.id,c1_0.description,c1_0.icon,c1_0.is_default,c1_0.name,c1_0.transaction_type,u1_0.id,u1_0.base_currency,u1_0.created_at,u1_0.email,u1_0.is_active,u1_0.name,u1_0.password,u1_0.role,u1_0.total_balance,u1_0.updated_at from category c1_0 left join users u1_0 on u1_0.id=c1_0.user_id where c1_0.id=?
2026-09-24 16:34:11 TRACE o.h.o.j.bind --- binding parameter (1:BIGINT) <- [1]
2026-09-24 16:34:11 DEBUG o.h.SQL --- select count(t1_0.id) from transaction t1_0 where t1_0.user_id=? and 1=1 and 1=1 and 1=1 and 1=1 and 1=1 and 1=1
2026-09-24 16:34:11 TRACE o.h.o.j.bind --- binding parameter (1:BIGINT) <- [1]
2026-09-24 16:34:11 WARN  o.s.d.w.c.SpringDataJackson3Configuration$PageModule$WarningLoggingModifier --- Serializing PageImpl instances as-is is not supported, meaning that there is no guarantee about the stability of the resulting JSON structure!
	For a stable JSON structure, please use Spring Data's PagedModel (globally via @EnableSpringDataWebSupport(pageSerializationMode = VIA_DTO))
	or Spring HATEOAS and Spring Data's PagedResourcesAssembler as documented in https://docs.spring.io/spring-data/commons/reference/repositories/core-extensions.html#core.web.pageables.

2026-09-24 16:42:41 INFO  o.s.b.t.GracefulShutdown --- Commencing graceful shutdown. Waiting for active requests to complete
2026-09-24 16:42:41 INFO  o.s.b.t.GracefulShutdown --- Graceful shutdown complete
2026-09-24 16:42:41 INFO  o.s.o.j.LocalContainerEntityManagerFactoryBean --- Closing JPA EntityManagerFactory for persistence unit 'default'
2026-09-24 16:42:41 INFO  c.z.h.HikariDataSource --- HikariPool-1 - Shutdown initiated...
2026-09-24 16:42:41 INFO  c.z.h.HikariDataSource --- HikariPool-1 - Shutdown completed.
